,,2021,2021,2021,2021,2021,2021,2021,2021,2021,2021,2021,2021,2021,2022,2022,2022,2022,2022,2022,2022,2022,2022,2022,2022,2022,2022,2022,2022,2022,2022,2022,2022,2022,2022,2022,2022,2022,2022,2022,2022,2022,2022,2022,2022,2022,2022,2022,2022,2022,2022,2022,2022,2022,2022,2022,2022,2022,2022,2022,2022,2022,2022,2022,2022,2022,2022
,,Oct,Oct,Oct,Oct,Nov,Nov,Nov,Nov,Nov,Dec,Dec,Dec,Dec,Jan,Jan,Jan,Jan,Feb,Feb,Feb,Feb,Feb,Mar,Mar,Mar,Mar,Apr,Apr,Apr,Apr,May,May,May,May,May,Jun,Jun,Jun,Jun,Jul,Jul,Jul,Jul,Aug,Aug,Aug,Aug,Aug,Sep,Sep,Sep,Sep,Sep,Oct,Oct,Oct,Oct,Nov,Nov,Nov,Nov,Nov,Dec,Dec,Dec,Dec
PN,Dummy Project,1,2,3,4,5,6,7,8,9,10,11,12,13,14,15,16,17,18,19,20,21,22,23,24,25,26,27,28,29,30,31,32,33,34,35,36,37,38,39,40,41,42,43,44,45,46,47,48,49,50,51,52,53,54,55,56,57,58,59,60,61,62,63,64,65,66
TE50011,A1,20160,20580,12180,35280,31360,7840,17780,37100,23520,12740,36260,33320,35000,12460,6720,41300,25760,31920,22400,18480,27020,30100,26740,20860,17780,44240,33460,18620,11060,30660,14000,10360,36960,9660,12460,22400,8120,33600,46620,14700,14420,13020,32480,4200,6720,19040,2800,27440,14560,21140,17780,27860,32480,16660,17780,14140,21140,23240,29400,29540,36400,16380,12180,28280,4620,41440
TE50012,A2,59400,83700,118800,135000,27000,2700,164700,210600,62100,175500,137700,67500,99900,56700,78300,172800,59400,56700,116100,67500,43200,110700,70200,48600,135000,64800,67500,56700,62100,56700,124200,32400,35100,18900,21600,56700,35100,51300,32400,64800,62100,16200,62100,67500,54000,64800,32400,10800,2700,72900,40500,51300,48600,24300,29700,59400,10800,97200,51300,10800,29700,29700,24300,27000,16200,24300
TE50013,A3,0,3240,144,2040,3312,792,1680,1224,3312,2832,1392,2256,2424,3696,2232,1704,1824,3456,4320,1368,2736,3744,2496,2448,3000,3888,2952,2856,2256,2760,1776,3096,2568,3480,3240,3264,2472,3120,2232,4128,1680,2520,2400,2592,3288,2616,3240,2784,3888,2976,3120,3096,2400,3216,3936,2328,1224,3024,3048,2760,3264,3144,3408,3024,3048,3000
TE50014,A4,0,0,0,1590,400,0,110,1030,1000,270,1060,540,1520,700,380,1080,1470,940,1410,1790,1660,1790,50,1560,1500,1480,1550,2180,2110,2040,1320,1600,1940,1600,2330,240,2090,1540,1000,1780,800,1520,1290,2000,600,710,1190,1610,760,1210,740,830,1750,1550,2190,1450,1440,850,1710,1290,1920,1920,1030,440,1240,1510
TE50015,A5,770,350,490,560,1050,0,210,350,140,1260,1610,140,280,910,140,1120,0,140,980,140,0,280,910,420,1120,140,420,0,1050,1260,1400,210,2100,210,980,2730,1260,0,1120,280,3430,630,700,1820,1260,3080,3080,1190,0,1960,3850,1050,3990,1050,1260,2450,350,980,1400,1190,0,350,770,2800,420,630
TE50016,A6,0,0,0,754,0,480,0,133,0,0,432,0,0,0,0,0,300,0,0,0,0,144,0,300,0,300,0,0,624,0,0,200,0,156,0,0,300,120,0,28,480,192,0,192,412,0,0,48,600,0,288,216,156,0,437,0,444,130,0,672,1189,0,0,0,0,0
TE50017,A6,216,0,0,1247,0,0,0,54,0,0,0,0,0,0,0,0,0,0,0,0,0,0,0,0,0,0,0,0,0,0,0,0,0,0,0,0,0,0,0,1150,0,18,0,0,0,0,0,0,252,486,0,522,324,38,828,558,0,0,1242,1692,0,18,594,504,0,306
TE50018,A7,3024,0,0,4032,10080,0,2016,0,5544,20160,5040,5040,2016,0,0,4032,12096,0,0,5040,3024,0,0,4032,2016,504,1512,5040,3024,8568,2016,5040,7560,3024,8064,0,13608,6048,0,5544,1008,0,4032,0,8568,2016,4032,2016,0,11088,6048,7056,5544,5544,11592,9072,1008,8568,0,1512,0,0,2520,0,11088,3024
TE50019,A8,575000,205000,0,300000,0,0,0,0,0,170000,120000,20000,500000,0,0,290000,140000,490000,25000,300000,160000,465000,90000,290000,215000,185000,275000,245000,190000,120000,470000,120000,0,40000,500000,475000,55000,100000,335000,235000,0,70000,275000,85000,225000,180000,205000,150000,260000,75000,170000,355000,275000,70000,260000,320000,70000,240000,400000,30000,295000,75000,375000,105000,165000,515000
TE50020,A9,14400,51600,48000,13200,67200,3600,32400,14400,49200,20400,45600,14400,36000,13200,24000,98400,34800,24000,44400,37200,14400,30000,31200,48000,19200,42000,64800,26400,9600,19200,33600,15600,44400,34800,50400,63600,15600,87600,15600,48000,43200,56400,40800,31200,49200,38400,2400,26400,66000,21600,56400,20400,68400,52800,34800,52800,27600,31200,69600,36000,14400,25200,63600,25200,43200,40800
TE50021,A4,524,260,1492,1636,96,1236,1088,748,1044,328,480,0,1700,2300,1500,564,1156,748,1004,2904,2796,1196,1144,1124,836,1264,300,672,1944,712,1072,2232,2356,1792,2180,1000,2140,1460,1256,1120,1136,556,800,1300,0,400,1628,1688,968,920,1884,956,2400,332,168,1912,1600,1744,1788,2008,1000,2336,1100,2940,2400,1220
TE50022,A10,0,0,0,0,0,0,3000,1800,600,1800,3000,0,1200,0,0,2400,0,3600,0,0,2400,3000,600,13200,1200,9000,12600,1200,0,4420,15600,6000,4200,10800,0,6600,2840,19800,10800,9600,8400,3000,10800,7200,3600,2400,0,0,7800,10200,0,1200,9000,2400,12000,1800,0,16200,7800,10200,1800,7800,3000,3000,3600,0
TE50023,A10,0,0,6000,0,4200,0,2400,2400,2400,6000,6000,24000,9600,10800,2400,10200,24000,25800,9600,31800,12600,34200,1200,5400,26400,43200,11400,16200,35400,4800,0,24600,20400,31200,41400,6000,38400,18600,2400,47400,11400,9600,62400,13200,21600,10200,6000,34200,11400,20400,13200,6000,11400,18000,7800,0,0,18000,24000,9000,9000,21000,16800,15600,34800,18000
TE50024,A4,1200,0,800,400,256,0,960,896,1792,352,1440,0,736,336,1296,944,752,1904,1600,688,1120,256,432,1296,2800,816,416,1552,3248,0,0,720,0,1904,1376,304,1392,1184,304,112,1712,240,2112,0,1104,1920,560,480,1392,1920,896,608,1040,1280,144,2560,1808,816,1888,880,1504,3680,2032,1296,0,4320
TE50025,A11,3000,29500,2000,8000,11000,10000,1000,12500,35000,33000,40500,3500,24000,32500,16000,87500,34000,4000,32500,41500,4500,1000,27500,3500,31500,3000,51000,12000,21500,17000,7000,49500,22500,25500,22000,24500,53500,3500,7000,2000,26500,8000,24000,30000,53500,5500,17500,40000,61000,22000,7000,20000,8500,47000,16500,26000,20500,46500,50500,14000,24000,2000,0,15500,37000,9000
TE50026,A12,0,6300,0,4320,3960,0,3060,1080,4860,6120,4500,4420,6120,7200,5760,6120,3240,5760,5400,6120,7920,6480,7200,7560,6510,5220,5940,4425,3240,8190,8010,5460,6945,5580,6120,5910,6480,6120,7740,7020,8115,8820,5940,6480,6660,6660,5760,6840,6840,6480,7560,9180,6480,6840,8820,6840,4680,6480,8820,1980,2520,3960,5940,7380,10440,3240
TE50027,A2,0,0,0,0,0,0,0,0,0,0,0,0,0,0,0,0,0,0,0,0,0,0,0,0,0,0,0,0,0,0,14400,14400,50400,26400,12000,25200,55200,25200,31200,48000,50400,49200,78000,58800,8400,20400,56400,46800,20400,75600,76800,105600,133200,109200,12000,10800,58800,43200,6000,9600,57600,0,56400,51600,60000,21600
TE50028,A13,2910,2520,4950,4020,1560,2520,1560,1660,5620,2520,1920,6000,2250,0,2880,5760,1920,3750,4140,3750,1920,2880,4380,2310,5060,3630,2520,5040,3840,6420,1560,5580,2880,5760,3330,3120,2580,5640,2490,3060,3060,5400,5940,3870,3450,4590,1920,5880,1920,4650,4440,6870,870,3690,2460,4530,3060,960,4800,2940,2160,2940,3720,5850,960,0
TE50029,A14,1476,738,0,0,246,3690,0,123,0,1230,2091,369,615,2337,615,2337,123,0,2091,2091,123,369,2337,2337,2214,615,492,2829,1599,2337,861,3690,1230,4305,1722,492,492,2091,5904,1722,1599,369,6273,1599,3444,4674,369,492,1845,2460,3198,1230,4797,2460,0,1230,0,2460,369,0,615,738,2337,2583,123,738
TE50030,A15,8000,5000,46000,10000,49000,0,12000,38000,27000,26000,26000,8000,26000,24000,49000,39000,50000,25000,22000,29000,12000,33000,65000,53000,41000,46000,36000,0,31000,25000,76000,25000,24000,18000,61000,32000,27000,43000,31000,27000,40000,44000,44000,74000,53000,43000,50000,68000,72000,50000,65000,65000,87000,66000,63000,57000,63000,91000,66000,41000,78000,22000,20000,117000,45200,96000
TE50031,A3,0,2376,0,2544,0,0,2832,0,2160,0,1344,3408,2088,1848,960,2640,1584,0,1392,1800,1608,1848,1968,2040,2016,3048,1344,1560,2952,2208,2208,1200,1776,1944,3672,1128,2376,3840,2304,2664,2400,3024,2616,3216,1176,2544,2592,2688,1512,3648,3336,1992,2760,2448,2880,1944,1080,1680,1656,2448,2568,3240,1464,3120,3384,3360
TE50032,A16,0,0,0,0,0,0,0,3168,0,0,0,6336,5544,0,0,0,4752,4752,0,0,4752,0,0,0,0,3960,0,0,0,0,4752,0,50,0,4752,0,0,2376,1584,0,792,1584,1584,3168,0,1584,3368,0,2376,5544,4752,0,1584,0,0,2376,2376,4752,3960,0,5544,0,2376,0,0,0
TE50033,A17,0,5328,0,3456,0,0,0,23616,0,0,5472,2304,39744,9936,0,23328,8064,0,2016,0,0,10800,0,0,24768,39312,21888,1008,0,11664,15552,29808,0,0,0,0,0,29376,0,37584,30960,9792,576,0,14544,12240,0,19296,4032,14832,18576,9792,5616,10224,3456,18000,15552,14688,15984,4608,0,0,11520,3744,11952,32688
TE50034,A4,500,380,0,1120,0,0,1200,1300,1060,0,300,0,1000,500,300,1160,0,1000,2300,1260,720,2060,3080,960,920,520,0,1000,500,0,880,1280,3180,2080,0,2000,2600,1100,200,1420,1860,840,2400,220,100,0,300,1900,900,1000,1420,2760,40,1000,1500,0,1000,700,2860,1980,760,1200,800,3260,2200,2660
TE50035,A18,0,10500,0,4500,1500,0,0,25500,4500,13500,6000,12000,6000,0,48000,6000,0,1500,25500,4500,6000,4500,9000,4500,21000,4500,14300,4500,16500,1500,11150,9000,10500,13500,30000,16500,13500,13500,13500,0,13500,12000,43500,0,19500,25500,3000,15000,6000,18000,16500,12000,15000,16500,3000,12000,16500,33000,19500,3000,33000,1500,3000,51000,19500,24000
TE50036,A19,0,0,0,0,0,0,0,0,0,0,0,0,0,0,0,0,0,0,0,0,0,0,0,0,0,0,0,0,0,0,0,0,0,0,0,0,0,0,0,0,0,0,0,0,0,0,0,0,0,0,0,0,0,0,0,0,0,0,0,0,0,0,0,0,0,0
TE50037,A20,7200,13600,3200,4800,800,1600,2400,11200,12000,4000,13600,5600,18400,2400,2400,24000,4800,2400,22400,3200,1600,0,0,8000,0,11200,8800,26400,7200,4800,15200,11200,11200,8800,3200,24800,25600,7200,0,0,5600,4000,24000,4800,4000,800,800,13600,26400,16800,6400,800,14400,15200,8000,6400,8000,4000,8000,5600,4000,7200,4800,24000,28000,35200
TE50038,A6,0,186,122,223,0,84,0,0,270,0,0,0,0,0,18,54,0,0,0,252,108,72,180,250,144,342,0,319,360,277,234,300,198,360,0,630,339,306,54,882,0,270,306,162,270,234,288,234,828,504,0,0,761,1401,90,684,0,0,1804,953,234,324,360,648,305,139
TE50039,A21,512,5632,3584,512,2048,1536,2560,512,6144,1024,2560,5120,512,3584,13824,512,4608,512,2048,3584,1024,8192,2560,3072,512,11776,1024,1024,4608,8704,2560,3072,1024,512,7168,1536,0,1536,1024,2048,512,4096,6656,1536,7168,1024,2048,10752,10752,9728,3584,1536,3584,3072,10240,3072,1024,2560,7680,512,2560,2560,2560,14848,6656,3584
TE50040,A3,552,0,144,816,120,528,0,528,240,504,384,768,120,408,624,456,1080,48,168,720,456,480,312,480,552,480,552,576,216,600,984,480,720,480,624,480,576,720,720,720,456,576,888,216,576,1176,120,864,384,432,912,480,696,624,672,480,240,480,792,408,480,696,600,576,984,600
TE50041,A22,720,10320,320,1600,640,80,720,2240,960,2560,2000,240,1760,400,3360,0,5520,2720,3280,5280,1200,1600,4320,1280,1840,5440,1680,960,4640,1200,5360,2080,7040,1200,1920,5680,320,4400,5120,1600,2080,7120,720,5680,3640,5840,3440,1600,9520,11040,4000,1600,5440,1520,320,1920,0,3280,2880,4560,1520,2480,2800,11200,2640,11040
TE50042,A23,4800,22200,0,12600,0,0,15000,0,46200,0,18000,0,19200,0,30000,30000,12000,0,15000,11400,24000,12600,0,3600,19200,16200,4800,16800,9000,11400,12000,16200,10200,31200,3600,27000,5400,7200,30600,18000,55200,19200,22800,42000,26400,19800,1200,30600,40800,19200,4800,9600,36000,16800,3600,41400,12000,6000,0,0,19200,0,24000,20400,8400,0
TE50043,A12,0,0,0,0,0,0,0,0,0,0,0,0,0,0,0,0,0,0,0,0,0,1080,2340,0,0,0,540,1620,360,0,0,1980,3420,1260,0,360,1080,360,0,0,0,3420,0,0,0,360,0,0,0,1800,2160,0,0,0,0,1800,1560,2160,1440,3060,1440,2880,2340,3060,1080,1080
TE50044,A3,528,1248,2256,2544,1728,1824,1488,2496,1920,1872,2592,2736,2736,2088,2712,1896,3744,3216,3336,3984,1224,3011,2880,1920,4152,1848,2400,2088,3912,1512,5736,1824,3768,2016,4416,1200,2880,3288,4032,1152,2424,2040,4032,768,2640,3360,3144,4296,2256,2208,2664,2880,3072,3264,3504,5424,0,2976,2136,1704,4128,1896,2952,3936,2208,1896
TE50045,A24,0,9960,2640,8400,12000,0,15480,0,2760,5640,16560,960,12960,14040,510,6960,13560,14640,11520,12600,14520,14880,13440,15720,11520,11160,10440,10320,9480,9960,11640,7320,10080,13440,12000,11520,11520,6600,11880,11400,13080,12360,12720,11280,8880,11400,7200,11280,12120,12960,12960,12600,10680,4800,11280,9000,3000,9840,6960,6240,9960,7200,8640,10200,12240,12720
TE50046,A25,1100,5720,4180,440,2420,3740,1540,1100,660,0,1320,5280,6820,5500,2640,6160,1760,0,220,6380,7040,220,0,0,0,0,3080,5280,1320,660,5280,3520,7040,1760,880,0,0,0,8360,7700,4400,0,1320,2420,7260,3960,0,2860,0,0,9680,0,4400,5500,5500,440,0,0,0,0,6820,0,0,0,0,0
TE50047,A26,3500,1000,0,0,4000,2500,1000,500,2000,6500,3000,5000,14000,8500,3000,4000,6000,500,7000,14500,6000,3000,0,13000,2500,0,0,10500,3000,1000,9000,6500,6500,0,6000,4500,7000,0,12500,1000,18500,6500,20500,9000,6500,10500,0,0,0,14000,9500,15000,4500,7500,7000,15000,0,15000,8000,2500,5000,500,5500,7500,15000,9500
TE50048,A27,68400,28800,86400,72000,54000,0,14400,36000,100800,0,50400,0,126000,0,0,50400,288000,0,0,32400,0,118800,0,32400,21600,86400,28800,104400,0,7200,25200,126000,61200,0,115200,25200,129600,10800,7200,183600,10800,93600,0,115200,14400,57600,93600,64800,97200,72000,79200,46800,115200,25200,72000,21600,46800,93600,46800,28800,68400,25200,57600,0,0,100800
TE50049,A18,10500,6000,10500,4500,6000,0,0,25500,4500,4500,10500,7500,10500,1500,7500,4500,12000,0,12000,7500,7500,7500,9000,7500,9000,12000,1500,4500,6000,12000,1500,9000,16500,15000,0,9000,1500,9000,6000,12000,10500,4500,18000,3000,6000,1500,13500,9000,13500,0,10500,9000,21000,15000,0,4500,0,18000,10500,19500,3000,7500,7500,6000,4500,6000
TE50050,A3,168,144,72,624,696,0,432,48,384,336,744,144,504,144,864,624,336,288,792,0,1368,480,576,480,480,768,624,528,288,528,432,0,528,48,48,912,528,576,1248,0,1104,0,0,480,336,0,0,480,672,504,576,336,528,0,240,600,0,0,1032,0,0,0,192,840,744,432
TE50051,A28,0,4160,0,3320,0,0,0,0,1860,0,1400,0,1400,0,0,0,6980,0,0,0,0,0,0,0,0,0,0,0,2780,0,0,600,240,0,0,0,0,0,0,1020,2600,0,0,0,0,0,120,0,0,3260,0,0,0,0,0,0,0,0,0,0,0,0,640,0,3000,0
TE50052,A27,68400,28800,86400,57600,54000,0,14400,21600,144000,0,54000,0,126000,0,0,50400,212400,0,0,32400,0,118800,0,32400,21600,93600,28800,104400,0,7200,25200,126000,61200,0,115200,25200,129600,10800,0,183600,10800,72000,28800,115200,64800,57600,68400,28800,118800,61200,57600,57600,25200,147600,54000,3600,46800,86400,46800,25200,72000,25200,57600,0,0,100800
TE50053,A29,18900,11700,17100,30600,0,21600,0,21600,19800,0,0,25200,37800,0,0,0,0,0,0,0,0,0,0,0,0,28800,0,0,0,26100,14400,900,16200,29700,10800,15300,0,6300,11700,8100,1800,2700,7300,17100,18900,12600,19800,18900,9000,15300,0,18900,33300,25200,22500,13500,0,34200,4500,0,9900,0,4500,10800,15300,10800
TE50054,A30,18000,0,0,0,12000,0,0,12000,0,0,6000,12000,12000,0,0,18000,0,0,0,6000,12000,12000,6000,0,24000,0,0,0,0,6000,12000,0,12000,0,18000,6000,6000,12000,0,0,12000,0,0,12000,0,24000,12000,0,0,12000,36000,0,24000,0,12000,0,0,12000,18000,12000,18000,6000,36000,0,0,12000
TE50055,A31,0,0,0,0,0,0,0,8000,1000,3000,4000,0,2500,0,15500,500,0,2500,14500,0,0,0,8000,6000,11000,0,2500,5000,0,12000,0,4000,2000,4000,11500,0,5500,0,3500,7000,0,2500,7500,1000,1000,1500,4500,1000,3000,1500,5000,7000,4500,500,0,3000,10500,8000,3000,0,15000,500,0,500,0,13000
TE50056,A20,4500,9750,1500,0,750,0,3000,10500,9000,7500,15000,1500,7500,750,750,21750,16500,3750,14250,7500,5250,6000,7500,20250,12750,7500,4500,2250,12750,23250,0,25500,1500,13500,16500,750,1500,18000,3750,1500,8250,2250,21750,9750,0,2250,12000,9000,2250,15750,7500,750,16500,14250,1500,750,1500,22500,17250,0,0,8250,6000,21000,5250,15000
TE50057,A32,84000,25500,0,0,0,0,6000,39000,36000,15000,36000,45000,27000,3000,21000,0,21000,0,39000,21000,7500,9000,16500,19500,24000,42000,12000,42000,42000,21000,0,0,42000,36000,36000,48000,12000,0,0,0,0,33000,4500,0,0,1500,52500,0,0,0,0,0,0,42000,6000,0,0,0,0,0,0,0,0,0,0,0
TE50058,A11,4200,0,0,1200,600,1200,5400,0,1200,1200,3000,5400,0,6600,3600,6600,1800,0,0,7800,1200,0,1800,2400,1800,3600,0,4200,2400,12000,3600,3000,1800,0,600,3600,1200,0,0,0,1200,8400,9000,0,1200,3000,1200,1200,2400,4800,2400,0,600,600,600,0,0,3000,1200,0,0,0,1800,4700,9600,0
TE50059,A32,84000,25500,0,0,0,0,6000,39000,36000,15000,36000,45000,27000,3000,21000,0,21000,0,39000,21000,7500,9000,16500,19500,24000,42000,12000,42000,42000,21000,0,0,42000,36000,36000,48000,12000,0,0,0,0,33000,4500,0,0,1500,52500,0,0,0,0,0,0,42000,6000,0,0,0,0,0,0,0,0,0,0,0
TE50060,A33,2000,8000,10000,0,6000,0,2000,14000,24000,0,24000,22000,4000,0,16000,15010,14000,24000,10000,0,8000,0,8000,18000,21000,0,40000,6000,0,3000,0,0,28000,0,32000,16000,0,14000,0,5000,10000,11000,14000,24000,21000,5000,7000,10000,15000,25000,33000,36000,24000,20000,22000,11000,9000,11000,19000,24000,42000,31000,16000,40000,15000,33000
TE50061,A34,3552,1392,0,0,0,288,960,2784,2592,2544,2352,3600,2208,0,0,3648,2880,912,1440,2064,0,720,1440,1440,2112,3648,2592,1680,2352,1680,2736,1584,3024,1056,1248,1488,2208,960,2496,3264,1776,2832,2496,3552,3264,1776,2832,4176,3456,720,4080,3552,1632,3024,3024,912,4704,3168,4128,672,2544,0,336,3360,960,3168
TE50062,A21,240,1440,960,7680,0,1920,0,2400,7680,1200,2880,2640,0,5040,0,5040,2160,1920,0,4320,0,0,0,12240,0,0,0,4320,2160,240,9840,4080,1440,0,480,3600,8640,0,3120,1680,5520,4800,6240,10560,6240,5040,3360,7920,6720,1680,4800,2400,5760,5040,8880,6720,0,7920,1440,2160,5040,0,6240,1680,5280,12000
TE50063,A11,2800,12600,8400,7000,7000,8400,23800,2800,15400,1400,8400,9800,5600,4200,5600,15400,7000,8400,15400,9800,7000,33600,0,14000,4200,8400,12950,8400,16800,9800,8400,5600,9800,7000,11200,22400,0,15400,8400,7000,4000,8400,18200,0,5600,9800,8300,8435,19600,14000,22400,7000,19600,9800,12600,7000,22400,5600,15400,12600,11200,2800,7000,12600,2800,4200
TE50064,A6,0,0,0,0,0,0,0,0,0,0,48,0,0,0,0,180,108,0,0,0,0,287,0,0,0,0,0,0,142,198,0,126,0,324,0,0,0,157,0,18,0,0,346,0,0,144,90,54,288,0,0,0,0,0,396,0,198,0,0,0,0,0,0,0,0,0
TE50065,A25,0,5720,4840,440,2640,0,0,4840,3080,0,1760,5720,6600,4840,0,3520,1760,0,1320,9240,1760,2640,0,10560,1320,0,0,0,3960,5280,2200,0,1760,4840,7040,6160,6160,0,0,4840,0,0,0,440,7040,3960,0,6160,0,0,5720,0,6160,4840,5720,4400,0,0,0,0,13640,0,0,0,0,0
TE50066,A11,1000,0,2000,5000,3000,0,2000,4000,1000,4000,0,2500,1000,3000,1000,2000,500,0,6000,0,1000,3500,0,4000,2000,3000,3000,11000,0,4000,3000,500,0,4000,7000,3000,9000,2000,5000,4500,2000,11000,0,2000,0,9000,0,6500,6000,1000,0,0,1000,7000,2000,2000,0,0,0,0,0,1000,3000,8000,500,0
TE50067,A12,4140,4500,6480,5040,3420,0,1080,7020,3060,2880,6660,2160,2880,4860,6840,5940,5400,5940,6840,5940,7740,2520,5580,4500,6120,5400,5220,7200,6480,6840,3420,3600,3420,5040,7200,5760,6120,5220,6480,4686,6480,5760,4870,6120,7380,6120,8640,3600,6480,6480,5580,7200,7380,7380,9180,6660,2520,3600,7740,6300,7200,5040,4680,4860,7920,5940
TE50068,A27,68400,28800,86400,79200,54000,0,14400,36000,144000,0,0,0,126000,0,0,50400,266400,0,0,32400,0,118800,0,32400,21600,93600,28800,104400,0,7200,25200,126000,68400,0,115200,25200,129600,10800,0,183600,10800,64800,28800,118800,133200,79200,0,0,147600,10800,108000,28800,100800,25200,79200,50400,43200,115200,46800,25200,72000,25200,57600,0,0,100800
TE50069,A35,23040,14400,8064,32256,3456,0,13248,42048,24768,38592,21888,17856,34560,22464,22464,10368,58176,4608,31104,17856,5184,17856,22464,19584,32256,10944,23616,40320,6336,22464,4608,34560,35136,53568,13824,38592,5760,24768,30528,8064,60480,55872,36864,6912,24192,39744,17856,36864,27648,21312,25920,10368,58176,33984,28800,25344,11520,9216,33408,31104,34560,42048,58176,12096,21888,47232
TE50070,A34,8000,3523,4000,6000,2000,14000,4000,4000,8000,6000,4000,6000,2000,6000,12000,2000,6000,8000,4000,2000,1000,9000,3000,4000,6000,3500,4000,6000,12000,4000,6000,4000,2000,4000,8000,6000,0,6000,6000,4000,4000,8000,4000,6000,2000,4000,12000,6000,2000,6000,14000,2000,6000,8000,6000,4000,4000,4000,8000,2000,4000,4000,4000,6000,4000,2000
TE50071,A31,0,0,0,0,3000,0,0,4000,8000,3500,13500,1000,4000,0,1000,17500,5000,4500,1000,17000,0,2000,2000,0,15000,0,1500,10000,2500,6000,0,0,7500,7500,2000,0,5500,5500,9500,2500,7300,5000,0,11500,5000,500,11500,6500,14500,1500,5500,7000,1500,15500,14000,11500,4500,500,11500,1500,500,8500,26500,8000,5500,17500
TE50072,A24,0,0,0,9000,3000,0,3000,9000,16320,6000,9360,5040,9720,3540,10020,7020,8520,13320,14040,11400,8580,9540,6960,14460,12600,10440,10380,7320,7080,9120,13320,9660,12600,9840,12420,9060,8220,6660,8820,4320,10020,11820,8160,7980,12960,11760,10500,6900,10500,6660,10380,6300,12600,11400,16440,10260,5940,11400,11700,11160,11100,8400,11400,10200,6360,9780
TE50073,A3,0,0,1008,0,0,0,0,0,1584,0,3984,768,1152,2112,384,2472,0,1728,1560,2544,2016,5520,3480,2592,816,1872,1440,1392,1680,2904,96,600,0,0,3528,0,960,0,3984,2784,1320,4824,3888,888,0,3000,3720,4488,0,2520,4728,2784,2016,2040,3240,2472,3408,600,2640,10648,0,0,0,576,2496,1128
TE50074,A36,0,0,0,6600,0,0,16800,0,7200,18000,56400,0,30600,0,0,12000,13800,9000,3600,6000,0,2400,9600,36000,9000,0,24000,29400,3600,4200,39600,5400,600,20400,12000,4200,3000,3600,0,1800,28200,3600,16800,10800,16800,0,16800,35400,33000,19800,11400,47400,22800,600,20400,30600,4800,36000,14400,37200,33600,14400,10200,43200,10800,40800
TE50075,A21,0,0,800,2000,0,2400,0,3200,3600,2000,4000,0,0,0,0,8400,0,2400,0,2400,0,2400,2400,3600,0,0,1600,6400,4800,0,0,400,7600,0,0,800,400,11200,0,0,0,3600,10400,6000,0,0,3200,0,14400,400,0,0,3600,2800,0,0,0,6000,6400,1200,0,0,800,0,1200,2800
TE50076,A3,1056,0,960,0,0,0,0,0,0,0,0,0,0,0,0,0,360,480,408,0,0,0,0,408,72,336,528,168,480,0,0,0,0,0,408,0,0,96,384,0,0,456,0,0,0,0,0,984,888,0,0,0,840,0,0,0,0,0,480,552,0,0,0,0,552,336
TE50077,A37,0,9600,1600,800,800,800,800,15200,800,4800,12800,6400,800,800,17600,13600,18400,1600,59200,13600,1600,1600,5600,2400,14400,17600,1600,18400,0,4800,73600,800,0,1600,5600,17600,4800,24800,2400,4000,16000,23200,4000,18400,17600,16000,0,0,16800,31200,12000,1600,42400,5600,20800,4800,2400,12800,17600,11200,21600,800,14400,23200,10400,5600
TE50078,A20,2500,5000,0,0,0,0,2500,5000,5000,10000,24930,7500,2500,2500,0,25000,2500,5000,2500,2500,5000,7500,0,12500,0,25000,0,12500,17500,35000,12500,10000,10000,5000,22500,5000,2500,17500,0,7500,5000,2500,7500,15000,0,7500,7500,2500,5000,2500,17500,2500,12500,20000,5000,0,0,5000,17500,2500,5000,10000,12500,20000,5000,17500
TE50079,A33,0,0,20000,0,0,10000,0,30000,20000,0,50000,0,58000,0,0,0,0,0,0,0,0,8000,0,0,22000,20000,0,34000,0,52000,0,10000,16000,0,38000,10000,0,0,0,7600,20000,18000,15950,28000,26000,14000,4000,24000,20000,26000,34000,18000,26000,30000,36000,10000,0,16000,18000,12000,20000,32000,44000,8000,16000,6000
TE50080,A34,672,2352,1488,3600,3360,1728,1488,2784,3216,4272,2112,1344,2976,1968,3792,2832,2640,3792,3552,2832,3936,4656,4032,1968,3552,4464,3552,3744,2736,4320,3888,2448,3216,3936,2832,4320,2448,4128,3216,2784,3888,4416,5376,3840,3648,3792,3408,4608,3936,4752,4464,4416,3888,3264,5856,4992,2688,4896,3600,7440,0,624,4224,5472,4464,4272
TE50081,A11,0,0,11000,3500,2500,1000,5500,3500,3500,7000,7500,0,1000,5500,0,18500,2500,0,3000,10500,0,1000,4500,9000,4500,0,0,3500,5500,9000,2500,5000,8500,0,3000,4500,0,15000,4500,2000,10000,0,0,0,14000,2000,0,1000,18500,1500,1500,0,8500,7500,12000,0,2000,7500,9500,0,0,2500,2500,1000,0,1000
TE50082,A23,0,52000,14000,60000,8000,0,26000,62000,0,38000,0,12000,72000,0,34000,18000,4000,2000,18000,20000,22000,12000,6000,28000,0,30000,50000,8000,44000,10000,34000,16000,8000,24000,28000,28000,12000,10000,4000,50000,62000,22000,28000,52000,34000,38000,20000,38000,14000,44000,52000,12000,92000,16000,6000,18000,0,30000,44000,0,0,18000,6000,8000,4000,16000
TE50083,A11,180,540,0,1170,2880,0,495,945,45,540,2655,450,1260,1215,0,405,0,0,1395,1035,0,0,2655,0,2070,135,0,945,0,2610,2115,495,0,0,990,0,1215,0,450,1530,675,0,135,2070,2565,90,0,810,630,1620,0,0,3105,900,585,6975,0,0,45,0,0,0,540,405,135,270
TE50084,A3,0,0,0,0,0,0,0,0,0,0,0,0,0,0,0,0,480,0,0,24,336,0,120,240,0,0,0,0,0,0,0,0,0,0,0,0,384,96,0,0,0,0,0,0,0,0,0,720,288,0,0,0,504,216,0,0,600,864,0,0,0,0,0,0,0,0
TE50085,A31,0,1500,10000,22500,0,0,0,14000,14500,4000,10000,10000,12000,0,15000,8500,34000,0,2000,5000,18000,3000,8500,4879,17000,7500,0,6500,4000,6500,7000,12500,21000,500,500,19500,11500,0,0,2000,5000,18000,500,7000,12500,2000,4000,11000,500,4000,900,10000,5500,7500,21000,4000,10000,2000,8000,0,10500,0,2500,19000,3000,6000
TE50086,A18,0,0,0,4800,14000,0,0,4000,800,14400,10000,400,0,0,1600,2800,7200,0,9200,3600,6800,4400,7200,4000,13200,5600,8400,8000,800,12400,1600,37200,8800,3200,2000,2400,12000,3200,6000,14800,10400,1600,18000,2800,5200,6400,1600,14000,9200,11600,5600,800,1600,6000,6800,7600,800,4000,9600,10000,5600,12000,6400,21600,20400,25200
TE50087,A11,0,0,10800,0,0,0,0,0,10800,0,0,0,10800,0,0,0,0,0,0,0,0,0,0,0,0,0,0,0,0,0,0,0,3600,10800,0,3600,3600,21600,7200,0,0,0,0,0,0,0,0,14400,0,3600,0,10800,0,21600,0,0,0,0,0,14400,0,0,0,0,7200,0
TE50088,A38,3800,4600,4700,6200,4800,0,600,900,6000,5200,8300,500,8200,0,10810,1100,1800,4700,2700,1000,2100,2100,1100,3200,1500,3600,600,2900,1400,1100,5300,2000,3600,2000,2200,3500,3200,3000,3000,1900,2500,2700,2200,3200,3100,4900,0,5400,5000,11200,2500,0,4100,1200,0,1400,300,2300,3300,900,2700,4100,1300,2100,2800,1400
TE50089,A26,1600,1600,0,0,16000,1600,3200,3200,1600,3200,1600,12800,16000,1600,3200,0,0,1600,8000,1600,4800,1600,11200,4800,1600,17600,0,8000,4800,12800,17600,8000,4800,12800,0,3200,11200,8000,0,3200,35200,3200,1600,8000,12800,16000,6400,12800,6400,11200,11200,16000,0,16000,12800,14400,0,14400,17600,3200,3200,1600,6400,22400,3200,0
TE50090,A26,1200,3000,1800,0,600,600,0,4200,1200,8400,10800,0,7200,7800,0,1200,18600,1800,21000,6000,14400,4800,0,5400,3600,8400,0,19800,1200,14400,4200,3000,8400,5400,1800,0,12000,7200,1200,12000,4200,7200,10200,12000,6000,3600,11400,13200,10800,7800,13200,11400,6600,3600,8400,2400,7200,13200,7200,7200,10800,9600,36000,25200,9600,10800
TE50091,A39,0,2250,0,0,0,0,0,0,0,0,0,0,0,0,0,0,0,0,0,0,0,0,1500,21900,600,0,0,0,0,0,300,6000,0,0,0,0,0,0,0,3750,0,0,0,0,0,0,0,0,0,0,0,0,0,0,0,10800,1800,300,0,0,0,11250,0,300,3900,0
TE50092,A40,0,0,0,0,2940,0,0,0,0,0,3430,0,0,0,0,0,0,0,0,0,0,0,0,0,0,1470,0,0,0,0,0,0,0,0,0,0,0,0,0,0,0,0,0,0,0,0,0,0,0,0,0,0,0,0,0,0,0,0,0,0,0,0,0,0,0,0
TE50093,A41,0,0,0,0,0,1400,1400,0,1400,0,0,1400,0,0,0,2800,0,0,0,1400,0,1400,0,0,1400,1400,0,0,1400,0,0,0,0,0,0,0,0,0,1120,0,1120,1120,0,1120,0,1120,0,0,0,0,0,1120,1120,0,0,1120,0,0,0,1120,0,0,0,1120,0,0
TE50094,A42,0,0,256,1120,192,704,0,832,736,160,704,224,736,352,736,448,512,672,832,288,480,960,544,320,1312,160,800,1344,544,960,832,0,1280,384,1056,576,672,0,416,320,768,704,896,544,1216,640,1664,800,192,1472,2240,0,1024,0,1600,1280,0,1120,512,928,512,0,800,800,544,1504
TE50095,A12,1440,8100,7740,12600,11340,6120,5040,6840,10260,5220,8100,12620,7740,14220,9180,7120,5940,17100,11880,9180,11520,9000,7740,12960,11880,14040,5940,7200,11700,13680,13860,9180,7020,10380,12600,11865,3960,10540,15120,13680,14794,7740,12165,14040,12960,14400,12960,14400,13420,13320,10800,11340,14400,13500,14760,10620,5400,11340,9720,2340,6300,2520,4680,4860,1980,0
TE50096,A43,0,0,0,0,0,0,0,0,0,0,0,0,0,0,0,0,0,0,0,0,18000,0,0,0,0,0,0,0,0,0,0,6000,0,0,0,0,0,0,0,4500,0,900,0,0,0,0,0,0,0,6000,0,0,0,7500,0,0,0,0,0,0,7500,0,0,4500,1500,6000
TE50097,A44,0,0,0,47,0,66,0,0,264,264,0,0,330,0,198,264,66,0,264,330,198,396,462,0,198,48,0,396,66,462,330,330,66,462,0,0,594,66,0,990,660,0,0,0,0,858,132,66,0,660,660,0,0,198,594,0,0,0,132,0,0,0,0,660,0,0
TE50098,A26,0,0,0,0,8000,0,0,4000,4000,0,8000,24000,20000,0,0,4000,20000,12000,8000,4000,4000,8000,4000,4000,12000,0,0,8000,4000,12000,4000,4000,8000,12000,16000,8000,4000,0,24000,0,12000,4000,28000,4000,20000,0,32000,8000,20000,36000,0,12000,0,16000,20000,4000,8000,0,16000,4000,4000,0,24000,12000,4000,4000
TE50099,A11,0,0,0,0,0,0,0,0,0,0,0,1000,0,0,0,0,0,0,0,4000,0,0,0,0,0,0,0,0,0,0,0,0,0,0,0,0,0,0,0,0,0,0,0,0,0,0,0,0,0,0,0,0,0,0,0,0,0,0,0,0,0,0,0,0,0,0
TE50100,A45,4250,4000,4000,2000,2000,2000,4000,2000,4000,6000,2000,2000,2000,2000,4000,6000,4000,6000,0,8000,10000,2000,4000,0,8000,0,4000,4000,0,2000,4000,4000,2000,6000,2000,4000,4000,4000,0,0,6000,2000,8000,0,6000,4000,0,8000,2000,12000,2000,8000,0,2000,8000,2000,2000,2000,4000,2000,4000,2000,2000,4000,0,8000
TE50101,A23,21000,0,14250,17250,0,0,14250,12000,9750,10500,3750,3750,25500,1500,13500,0,7500,0,0,7500,6000,4500,3750,0,13500,6750,6000,17250,750,6000,7500,18000,750,750,32250,3000,0,0,24750,6000,13050,12000,1500,0,24750,6750,5250,750,12000,12750,4500,4500,12750,10500,3000,2250,0,17250,6000,11250,9750,7500,1500,2250,4500,15000
TE50102,A11,0,6000,3500,3000,2500,2000,4000,4500,8000,0,9000,4500,4500,6000,4500,6000,10000,2500,4000,7000,3000,11500,7000,1000,16000,4000,3000,3000,2000,7000,5200,2000,7848,3500,8500,5500,6000,9000,10500,1500,4000,7500,15500,3500,5000,5500,8500,5500,2900,7000,6000,5500,11000,8500,7500,12000,7500,4500,13500,6500,7000,3000,6000,6500,7000,4500
TE50103,A46,600,1200,2400,3000,1200,0,600,1800,3600,600,11400,2400,2400,0,3000,1800,2400,2375,1200,1800,2400,3000,1800,1800,9000,1200,1800,3000,1800,600,600,3000,1800,600,5400,3600,3600,380,3000,8400,1800,7200,1800,2400,4800,2400,2400,3000,4800,3600,4800,3600,0,0,4200,2400,0,6000,2400,600,3000,3600,1200,7800,1800,5400
TE50104,A43,0,0,0,0,0,0,0,0,0,0,0,0,0,0,0,0,0,0,5000,0,0,0,0,0,0,0,0,0,0,0,0,15000,0,0,0,0,0,0,0,0,0,0,0,0,0,0,0,15000,0,0,0,0,0,0,0,0,0,0,0,0,0,0,0,0,0,0
TE50105,A3,0,0,0,0,0,0,0,0,0,0,0,0,0,0,0,96,0,240,0,0,0,0,0,0,0,0,0,480,0,0,0,0,0,0,648,0,504,0,0,480,0,0,528,312,264,624,672,192,0,504,696,480,528,384,720,504,864,0,0,0,576,0,0,504,216,0
TE50106,A47,0,12,56,144,0,48,72,0,96,108,0,16,160,0,0,0,120,0,0,0,0,0,0,0,8,0,0,0,0,0,0,0,0,0,0,0,0,0,0,0,0,0,40,48,0,0,0,104,0,0,0,0,64,64,48,56,0,0,0,68,12,120,76,12,60,64
TE50107,A48,450,450,450,450,0,0,0,0,0,0,0,0,0,0,0,0,0,0,450,0,0,900,0,0,0,450,0,450,0,450,450,900,0,0,450,450,0,0,900,900,0,450,900,450,900,1350,0,900,740,2700,0,1350,900,900,450,1350,0,450,3600,0,0,0,0,0,1800,0
TE50108,A13,1560,960,1710,3180,750,690,960,870,870,960,0,2880,2670,0,960,1920,1800,0,1920,960,1920,1980,960,2280,1590,600,1110,1950,1200,1920,930,1740,600,1350,1200,600,2970,1410,3420,1920,960,1650,2460,1680,1920,1620,1260,1920,960,2880,960,1920,2640,1500,1920,2010,1950,600,2700,2880,960,2880,1560,1920,870,930
TE50109,A49,74000,58000,12000,64000,0,0,0,42000,8000,24000,68000,14000,54000,0,4000,8000,42000,28000,22000,20000,22000,68000,30000,8000,30000,38000,18000,2000,20600,38000,40000,10000,16000,54000,42000,6000,0,22000,50000,32000,74000,56000,36000,32000,32000,98000,8000,14000,74000,66000,42000,20000,48000,82000,0,28000,34000,40000,76000,50000,20000,4000,12000,140000,16000,62000
TE50110,A39,0,0,0,480,0,0,0,0,480,0,0,0,0,720,0,0,0,0,0,0,0,0,0,4320,0,0,0,480,0,0,0,0,0,480,0,0,0,0,0,0,0,480,0,0,0,0,0,0,240,0,0,0,0,0,1920,0,0,0,480,0,0,0,0,480,480,0
TE50111,A7,0,0,0,0,0,0,10080,0,0,0,0,0,9576,0,0,2520,0,0,9576,0,0,0,6048,2520,0,0,5544,4536,0,6048,0,0,0,0,7056,5040,4536,0,0,0,3528,12096,0,0,3024,8568,3528,2520,15624,0,0,12600,0,3528,4536,11088,8064,4032,20160,1008,8568,0,6552,1512,6048,8568
TE50112,A34,0,0,0,0,0,0,0,0,0,0,0,0,0,0,0,1104,2832,2064,4944,3120,3408,3360,2784,3744,4416,576,2832,2448,3888,4176,1680,5664,3168,2352,4080,2688,4080,3696,1872,5904,1152,3456,2496,2928,4032,3984,3552,3840,4128,3264,4512,3264,4848,3168,3024,3888,2784,3168,2304,2256,4848,3600,3840,5568,3696,4224
TE50113,A18,0,0,0,0,0,0,0,0,0,0,0,0,0,0,0,0,0,0,0,0,14000,8000,0,0,0,0,0,12000,0,0,30000,0,0,10000,0,0,14000,2000,0,16000,2000,36000,0,8000,24000,0,0,26000,0,0,22000,0,0,24000,0,24000,0,26000,0,0,36000,0,0,0,0,0
TE50114,A50,0,3000,0,3000,0,0,0,0,0,0,3000,3000,0,0,3000,0,0,0,0,6000,0,1550,0,0,0,3000,0,6000,0,0,0,0,3000,0,3000,9000,3000,0,0,0,0,0,0,0,0,0,0,0,3000,3000,0,0,0,0,0,3000,0,3000,0,0,0,0,0,0,0,0
TE50115,A51,0,66300,33300,178100,6400,48100,5200,71500,161200,22100,72800,35100,26000,19500,13000,114400,70200,37700,75400,14300,22100,46800,48100,2600,46800,58500,97500,28600,14300,40300,6500,57200,40300,7800,23400,55900,11700,5200,54600,63700,24700,50700,23400,32500,45500,54600,53300,63700,23400,85800,61100,65000,62400,46800,58500,26000,31200,76700,145600,66000,32500,11700,105300,172900,46800,96200
TE50116,A21,0,0,0,0,0,0,0,0,1920,480,2880,5040,0,1200,2400,3840,0,0,1680,6480,0,3360,4800,4320,0,0,0,1920,720,0,4080,0,5040,240,2880,0,3360,2400,240,2880,1920,2160,6720,1680,0,6480,2400,6000,4800,0,7200,0,2160,0,6000,3120,6720,0,0,8160,0,0,240,480,3360,2400
TE50117,A52,66000,45000,22500,145500,12000,63000,58500,19500,19500,7500,42000,45000,93000,51000,21000,42000,49500,21000,15000,24000,39000,112500,51000,60000,51000,106500,39000,147000,15000,54000,70500,67500,37500,66000,43500,36000,69000,21000,24000,19500,60000,1500,19500,63000,46500,46500,7500,48000,25500,67500,64500,63000,76500,19500,91500,76500,0,73500,141000,6000,33000,28500,54000,141000,45000,118500
TE50118,A38,0,16800,0,1200,1200,2400,0,1200,2400,10800,10800,6000,3600,1200,20400,2400,8400,0,1200,1200,1200,1200,1200,2400,1200,0,2400,2400,0,1200,1200,4800,9600,1200,6000,2400,1700,7200,1200,3600,7200,10800,4800,3600,7200,3600,3600,7200,4800,13200,12000,1200,4800,1200,3600,4800,1200,3600,7200,1200,1200,2400,3600,12000,0,8400
TE50119,A35,4500,0,16000,0,6000,0,500,10000,15000,5000,0,34500,0,0,0,10000,6000,0,0,50000,7000,7000,5500,9000,19500,0,1000,21000,0,3000,20000,37500,7000,16500,0,0,23500,15000,1500,1000,56500,14500,0,4500,13000,25000,0,23000,0,0,22000,0,21000,9000,0,4000,38500,4000,34500,0,0,0,28000,22000,500,36500
TE50120,A46,600,1800,1800,2400,0,0,0,1800,2400,0,1200,1800,1800,0,2400,1200,4200,600,1800,0,1800,0,1800,1200,1800,600,600,1800,3600,1800,1800,1800,1800,600,1200,600,2650,1200,6600,600,0,1200,3000,1200,2400,0,3000,1200,2400,3000,3000,0,2400,600,2400,1200,0,3600,1800,0,1800,4200,0,3000,0,2400
TE50121,A11,2400,3000,10800,0,1200,0,0,1200,2400,1800,0,3000,0,4800,0,0,0,0,3600,0,0,4800,1800,0,2400,0,600,6000,0,0,10800,0,4800,1800,0,1800,12600,1200,1200,12000,9000,1800,0,7800,11400,9000,0,1800,17400,600,0,0,0,0,1200,0,0,5400,0,0,0,0,600,4200,0,0
TE50122,A7,3024,16128,21672,5040,2016,0,19152,0,48888,0,25200,9576,19656,0,0,56448,23688,0,20160,37728,21168,42336,11592,22680,27216,27216,8064,12600,30744,15120,20664,14616,41832,41328,13104,22680,14112,26208,52920,20160,11088,57960,59976,39312,44352,50400,44856,1512,12600,34776,37296,40320,55944,29736,57960,11592,25200,58968,21168,38304,11592,27720,68544,25704,43344,88704
TE50123,A53,0,0,0,0,0,0,0,0,0,0,3000,0,0,0,0,0,0,5380,11380,7200,0,9600,11400,0,0,9000,0,0,0,15600,0,13200,0,8400,20400,12000,0,2400,2400,6600,3000,16200,13200,4200,4100,13200,18600,0,5400,9600,13800,27600,16200,0,24600,4800,2400,14400,19200,21600,15000,4800,21600,10800,4800,41400
TE50124,A41,32200,16800,81200,207200,77000,0,2800,29400,163800,61600,0,70000,208600,91000,0,123200,144200,14000,203000,4200,35000,123200,37800,77000,141400,49000,148400,16800,0,196000,96600,39200,25760,138600,153160,125720,132160,107520,155680,100800,99680,175840,200480,187040,135520,221760,147840,122080,87360,193760,112000,152320,101920,168000,112000,48160,144480,183680,127680,141120,16800,12320,147840,123560,98560,227360
TE50125,A38,0,7350,546,798,714,882,0,2226,1470,252,2814,588,3024,0,3276,378,3066,1008,840,3360,630,588,420,1008,630,714,1890,1806,2142,714,1218,1638,3024,546,1974,1890,1386,1050,420,588,1638,294,2310,546,3444,672,1260,1596,3570,672,3528,3654,3024,2982,924,1596,1260,1260,2268,1008,2646,1260,1932,2142,294,3360
TE50126,A18,0,46000,0,0,54000,4000,0,0,2000,2000,68000,0,8000,0,4000,34000,6000,62000,4000,28000,12000,8000,62000,4000,4000,16000,0,92000,6000,0,20000,52000,28000,38000,14000,54000,42000,34000,32000,18000,94000,16000,10000,58000,42000,68000,44000,18000,42000,54000,14000,20000,0,24000,30000,94000,0,4000,2000,44000,26000,0,0,42000,58000,64000
TE50127,A11,0,4704,9072,8736,8064,5040,13776,17136,20496,16464,672,1680,24192,2352,2016,9408,14112,0,29568,8400,20160,1344,0,29568,2688,8400,28896,7728,1680,15792,13440,19488,12432,17808,47712,12432,0,46032,8736,19824,4704,0,40992,5712,3024,2688,13776,10080,5040,22848,37632,5040,1008,4368,1680,2688,15120,33600,21168,672,5712,8064,0,27216,3696,3360
TE50128,A7,0,0,7056,26208,0,0,9072,7560,4032,0,4032,6552,19152,3024,12600,6552,16632,0,0,3024,0,28728,0,10080,0,13104,13104,0,10080,0,5040,4032,7056,2016,3024,0,1008,17818,2520,4032,15624,7560,504,10080,7056,8568,4536,10584,5544,10584,23688,4032,15624,13608,9576,12096,504,16632,2520,8568,7056,10584,5544,11088,12600,4032
TE50129,A41,0,300000,100000,0,0,0,0,100000,200000,50000,150000,100000,150000,150000,0,200000,50000,0,50000,100000,50000,100000,150000,50000,350000,50000,200000,50000,50000,150000,200000,0,200000,0,0,250000,0,50000,180000,0,300000,100000,150000,150000,150000,200000,200000,0,200000,200000,0,100000,100000,50000,150000,0,100000,300000,50000,100000,100000,0,350000,100000,100000,0
TE50130,A10,0,0,0,0,1800,0,0,10800,0,0,4800,1800,600,0,1800,4800,2400,3000,2400,4200,2400,3000,7200,7200,0,0,0,1200,1200,7800,4200,3000,0,7800,0,0,0,1800,7800,1200,5400,0,10200,10200,8400,6600,1200,3600,7200,4200,2400,0,6000,0,6000,0,0,7800,0,9000,600,6000,1200,2400,600,600
TE50131,A3,1512,456,3432,2856,2496,1704,3384,1656,4224,2616,2472,5352,5568,4824,5880,5304,6960,3072,10272,6264,8424,6288,4032,5832,6504,5568,4464,4536,1848,8736,6744,2496,4032,3264,5976,4080,5376,6048,5256,4584,2400,4968,5304,7032,6912,9288,9960,9672,4872,5208,6336,3432,7632,7968,9312,4176,3504,5832,7560,11280,4248,2928,6456,8784,5064,5064
TE50132,A43,0,0,26000,48000,30000,0,54000,48000,6000,0,58000,24000,18000,18000,0,54000,36000,6000,54000,18000,12000,42000,30000,54000,1987,0,0,60000,6000,24000,36000,36000,54000,30000,6000,84000,42000,12000,0,10000,0,84000,66000,102000,54000,6000,120000,36000,84000,48000,72000,0,0,5250,126000,0,0,18000,48000,12000,36000,0,0,0,18000,0
TE50133,A9,4500,16200,1800,46800,11700,1800,14400,23400,25200,17100,156600,47700,17100,43200,41400,69300,63900,49500,10800,43200,13500,81000,25200,7200,79200,85500,84600,51300,89100,109800,66600,88200,60300,66600,21600,2700,9900,30600,41400,11700,29700,34200,60300,21600,45000,40500,19800,48600,27000,34200,46800,71100,7200,14400,52200,60300,85500,9900,48600,37800,18900,16200,26100,36900,32400,63900
TE50134,A48,0,2700,3150,450,4050,0,0,900,0,9900,450,0,0,450,1800,450,0,0,900,0,0,900,900,1350,450,0,450,4050,1800,1350,4500,9000,1800,1350,3872,5850,0,2250,5850,6300,7200,900,0,4050,2980,8100,6300,6300,9900,4750,13050,1350,12600,900,12150,14850,0,450,10350,11250,20700,450,17100,450,0,450
TE50135,A6,0,0,0,168,0,288,0,477,0,0,480,0,0,0,0,36,492,0,0,120,0,300,0,180,36,275,0,0,406,0,0,492,0,0,0,51,0,866,0,0,96,0,263,396,264,792,0,872,0,0,864,67,36,0,296,360,156,1106,0,204,5,0,0,36,0,1212
TE50136,A13,0,400,0,50,800,0,400,0,340,400,560,0,800,0,800,0,840,0,600,0,600,400,600,1120,340,0,640,1280,640,0,500,820,540,0,900,940,0,1080,0,600,0,200,300,800,440,600,720,0,700,560,800,600,0,660,640,1200,0,0,900,0,1700,740,800,0,0,0
TE50137,A42,0,0,360,960,240,696,0,1008,480,504,624,672,480,240,720,432,456,648,768,624,192,1008,456,960,744,552,888,888,576,1056,1416,384,0,1056,576,504,432,312,552,816,408,312,984,432,1680,816,600,1200,1152,576,1968,720,1752,0,672,1080,480,1152,0,1464,0,0,864,3240,0,0
TE50138,A11,3500,8500,4500,4500,3000,3000,8000,6000,4500,6000,3500,4000,1000,1000,8000,7500,4000,8500,2000,12000,2500,7500,0,10000,13000,3000,6000,1500,4000,2300,12000,200,20000,3000,3500,14000,4500,5500,3945,2500,6500,5000,4500,5000,10000,2500,8000,8000,1900,8000,11000,3000,11000,11000,5000,9000,7000,16500,8000,3000,6000,3000,4500,10000,2500,7000
TE50139,A33,1000,0,0,0,1000,1000,0,4000,0,0,0,5000,0,0,0,0,0,0,0,0,0,0,0,0,0,0,0,0,0,0,0,0,0,0,0,0,0,2000,4000,0,0,0,0,0,0,0,0,3000,0,0,0,0,0,0,0,0,0,0,1000,2000,1000,2000,1000,0,0,4000
TE50140,A23,36000,21000,7800,9600,0,600,18600,7200,5400,12600,16200,3600,10800,0,12600,6000,12000,0,10200,4800,0,10200,0,15600,1200,7200,600,18600,6000,250,10200,10200,12000,12340,10200,7800,34800,34800,7800,23400,0,19800,12000,0,34200,16800,16800,19200,18600,6000,8400,7200,3000,22200,10200,8400,7200,22200,5400,0,15000,0,6000,600,1200,17400
TE50141,A54,0,1248,0,96,0,0,0,0,96,288,976,0,192,0,0,576,0,0,0,0,0,0,0,0,0,592,0,0,208,0,0,0,304,0,336,208,0,0,0,0,0,0,0,0,0,64,0,0,560,0,0,0,16,0,0,0,0,0,0,0,0,0,0,0,0,0
TE50142,A55,3000,1200,6000,600,1800,2400,0,9600,7200,2400,14400,3600,4800,11400,6600,11400,10200,2400,2400,4800,9600,18000,3000,7200,7200,8400,3000,8400,12000,6000,0,9600,2700,8400,8400,6600,12000,400,9600,12000,5400,9600,6500,7200,4200,15000,12600,10200,1800,8400,10200,1560,15000,9600,10800,11400,11400,9000,6000,16800,0,2400,7200,18000,6000,1800
TE50143,A4,0,0,8000,1600,10400,0,8800,0,11200,14400,5600,0,10400,5600,2400,4800,8000,11200,5600,9600,5600,11200,5600,11200,8800,13600,5600,800,5600,11200,8000,0,8800,3200,2400,8000,3200,11200,11200,2400,4800,13600,12000,8000,0,15200,9600,3200,1600,8800,7200,8000,16000,12800,8800,0,3200,14400,8000,16000,8000,6400,12000,7550,10400,8000
TE50144,A11,0,0,0,0,0,0,0,0,0,0,0,0,4200,0,5400,5400,0,0,0,3000,600,0,0,0,0,0,0,0,4200,0,0,0,7800,0,0,0,2400,1200,0,0,0,0,0,0,0,1200,6000,0,3600,10800,0,0,3600,0,0,0,0,0,0,0,0,0,0,0,0,6000
TE50145,A45,18000,12000,52000,24000,20000,18000,18000,32000,64000,34000,36000,42000,38000,36000,54000,36000,98000,22000,28000,46000,62000,86000,22000,50000,18000,100000,22000,34000,22000,74000,28000,55000,8000,50000,62000,34000,48000,28000,44000,20000,56000,24300,36000,58000,56000,48000,80000,70000,68000,46000,100000,16000,150000,2000,48000,24000,62000,64000,34000,70000,56000,6000,32000,38000,42000,34000
TE50146,A56,0,0,0,0,0,12500,0,0,208000,0,156000,0,0,0,156000,0,0,52000,0,0,156000,104000,520000,8892000,416000,520000,832000,728000,1924000,8944000,5304000,4576000,2392000,1404000,3016000,6968000,4680000,3289000,23452000,7384000,1144000,1352000,10244000,624000,832000,6968000,624000,16237000,520000,1716000,6656000,9620000,1560000,780000,8008000,8164000,312000,780000,676000,520000,936000,52000,9815000,5980000,2600000,2288000
TE50147,A3,0,2000,1000,2480,800,0,3520,0,6000,2000,5440,3840,1000,2200,1960,0,3200,3000,3480,1280,4200,1680,8000,3640,2840,3520,2400,800,6760,1600,5000,2280,2360,1600,840,1520,2680,3560,6480,5000,5800,4200,1600,6960,6600,1600,3400,600,7280,4000,3240,1600,2000,280,8200,7800,3000,0,3200,6200,0,3600,3680,2400,3600,1680
TE50148,A38,800,1700,10700,1900,2600,8200,3400,1100,8700,4000,7500,5600,2900,1700,9800,500,9200,7800,600,2600,1500,2200,4100,1400,6000,9300,2600,4000,500,5600,3000,10000,8900,1100,500,5200,6800,9100,1900,500,4600,6100,4000,3700,4800,8700,7700,9700,1600,6400,4900,7500,9400,4100,3100,8900,0,2700,6600,1900,6000,4300,2200,9200,900,14200
TE50149,A23,9750,0,8250,50250,9750,0,9750,45000,8250,0,0,3000,61500,9750,14250,3750,0,29250,17250,4500,750,8250,6000,39000,0,750,16500,4500,27000,6000,8250,6000,34500,6000,0,18750,12750,20250,4500,64500,3000,12750,57000,51750,21000,22500,10500,27300,8250,9000,8250,27000,51750,33750,3750,12000,0,12750,21750,5250,1500,0,21000,4500,8250,0
TE50150,A52,4500,30000,60000,18000,15000,0,16500,15000,69000,12000,48000,3000,63000,22500,13500,72000,64500,1500,27000,19500,7500,24000,51000,28500,13500,39000,28500,22500,24000,28500,39000,22500,36000,42000,70500,37500,28500,48000,61500,36000,37500,30000,52500,46500,57000,54000,24000,31500,19500,58500,48000,73500,54000,34500,49500,36000,28500,76500,114000,79500,27000,21000,43500,57000,63000,33000
TE50151,A21,0,1024,9216,0,2048,0,5120,0,6656,1536,0,5120,8192,7680,1024,5120,9216,512,1024,12288,0,9216,5632,8192,0,0,2048,3584,7168,6656,1024,2560,2048,2048,3072,5632,2048,2560,3520,6144,7168,7680,9728,2560,2560,18432,11264,1536,10240,1024,13824,0,10240,5120,0,8704,8192,0,512,512,512,3072,6656,10240,3072,4096
TE50152,A21,960,0,0,4800,480,0,3120,2160,2400,1680,4080,2160,2160,3840,480,9600,0,1200,6000,3840,0,0,2240,2160,4080,3600,1440,3360,5280,1680,4800,5280,2400,1200,5040,720,1920,1680,3600,5520,960,4320,3840,9120,3120,6000,7680,2400,1440,960,9360,1200,5280,3600,960,5760,0,4320,6000,6000,0,1680,2640,4080,3120,2880
TE50153,A38,0,4000,6000,4500,2500,1000,2000,5000,8000,1500,9000,6000,3000,3000,4500,6000,9500,4000,2000,2500,500,4500,5500,4000,4000,7000,5000,3500,3000,11000,2000,7000,2500,3000,9000,1500,10000,10000,2500,5500,5500,5000,4500,9000,12500,4500,6000,5500,5500,17000,11500,9000,12500,25500,3000,6000,4000,2500,15500,4000,30000,38500,41000,500,5500,8000
TE50154,A57,9216,9024,12096,21696,5760,1344,15936,0,9984,0,11712,14208,6528,0,0,0,0,0,0,0,0,0,0,0,0,0,0,0,0,0,0,0,0,33216,0,6720,9600,13248,14400,17280,25728,19584,20736,17664,10368,32256,14592,16128,5376,7296,17280,13056,0,0,0,0,0,13440,0,0,0,0,0,0,0,0
TE50155,A4,1200,0,0,1513,0,600,900,1500,0,0,1500,0,1200,0,3000,100,600,2400,1500,600,1500,2921,0,823,1170,600,2400,0,2100,1260,0,3660,0,2400,1500,0,0,1800,1500,2100,1800,0,1200,0,2033,2400,0,0,0,3000,0,0,848,6337,3900,900,900,1500,1800,2400,600,900,3860,0,900,4417
TE50156,A24,0,0,24000,6000,0,0,0,39600,0,0,0,25200,0,30000,0,0,0,0,34800,0,0,6000,15600,9600,8400,0,0,15600,0,2400,9600,3600,13200,16604,16800,1200,20400,0,11848,38400,4800,0,0,15600,4790,34800,0,0,8400,27600,3600,27600,44400,26400,0,9600,0,22800,0,10800,30000,0,50400,12000,0,0
TE50157,A18,800,7200,3200,26400,5600,0,2400,31200,24000,8800,26400,5600,28000,1600,19200,24800,15200,8000,19200,46400,12000,5600,12800,8000,28800,6400,10400,12000,22400,12000,24800,11200,23200,19200,8800,26400,16000,20800,14400,9600,28800,19200,36800,19200,20800,25600,18400,12000,24800,14400,24800,15200,29600,11200,26400,21600,22400,20800,34400,26400,22400,4000,26400,28000,13600,22400
TE50158,A58,11400,7600,20900,0,0,15200,7600,36100,1900,1900,26600,3800,32300,0,7600,13300,15200,19000,9500,0,13300,22800,5700,3800,7600,22800,5700,5700,19000,15200,11400,17100,20900,22800,0,2380,30400,43700,26600,28500,0,19000,20900,11400,39900,38000,5700,3400,19000,26600,34200,17100,19000,11400,30400,5700,11400,11400,24700,39900,5700,0,11400,9500,7600,19000
TE50159,A20,0,24000,0,0,0,0,8000,8000,8000,0,16000,24000,24000,0,0,16000,0,0,40000,0,8000,8000,0,8000,0,16000,16000,12000,0,8000,16000,16000,16000,16000,8000,0,24000,8000,0,8000,16000,0,32000,0,0,16000,16000,8000,16000,24000,8000,8000,32000,16000,0,0,0,0,24000,0,16000,16000,8000,24000,8000,32000
TE50160,A38,0,3900,900,3100,700,1500,0,1900,1100,800,900,1700,2800,400,2500,1100,1200,1500,1400,3800,900,1800,400,2400,3300,1100,1500,3100,1800,2100,1900,2000,3000,3300,4900,2400,3200,1700,2000,1100,3700,0,4100,1800,3700,6800,300,1900,5500,3600,3400,2900,11100,5200,3000,0,2600,4600,2000,2000,3100,5800,3800,9000,1200,6600
TE50161,A38,800,5300,4600,13700,5400,2200,0,7500,7200,12700,4300,9800,14600,1100,3500,2800,21100,9700,3400,5800,3700,2500,6100,4200,5100,4200,2900,6600,1800,6900,5800,3400,3300,4000,3900,9200,2400,5400,2000,3400,6200,4200,2200,5500,8700,8700,5600,9900,5900,4600,7800,8200,8200,11700,3900,4600,3200,3800,5000,3800,5200,9900,6000,2800,10500,6600
TE50162,A24,0,0,0,16000,0,0,0,26000,0,0,0,12000,0,10000,0,20000,10000,0,11500,30000,2000,0,20000,16000,0,12750,6000,24000,2000,18750,2000,17000,6000,10000,12000,6000,24000,4000,16000,2000,34000,0,6230,10000,24000,26000,2000,0,16000,4000,40000,8000,0,0,40000,2000,0,24000,42000,0,0,0,46000,10000,2000,0
TE50163,A43,0,0,0,0,0,0,0,0,0,10000,40000,0,0,0,0,0,0,0,0,0,0,0,0,0,0,0,0,0,0,0,0,0,0,0,0,0,0,30000,0,0,0,0,0,0,0,0,0,0,0,0,0,0,0,0,0,0,0,0,0,0,30000,0,0,0,0,0
TE50164,A13,225,600,450,1125,450,525,525,225,225,225,0,900,975,0,525,900,375,225,825,375,375,975,450,675,1125,300,300,600,450,600,300,825,300,675,450,750,750,600,600,600,150,1500,75,600,975,1050,375,975,300,1125,525,900,525,600,450,975,900,300,300,975,300,1200,750,900,300,300
TE50165,#N/A,0,0,0,0,0,0,0,0,0,0,0,0,0,0,0,0,0,0,0,0,0,0,0,0,0,0,0,0,0,0,0,0,0,0,0,0,0,0,0,0,0,0,0,0,0,0,0,0,0,0,0,0,0,0,0,0,0,0,0,0,0,0,0,0,0,0
TE50166,A30,30000,30000,0,0,12000,0,0,12000,0,0,18000,12000,0,0,0,24000,24000,0,0,0,0,0,24000,18000,0,0,24000,0,18000,12000,0,0,12000,0,0,18000,0,6000,12000,0,0,0,0,0,6000,24000,36000,0,0,30000,18000,0,18000,0,0,0,0,6000,6000,18000,4000,24000,6000,30000,0,24000
TE50167,A60,0,0,0,1200,2400,0,0,3600,0,1200,10800,1200,8400,20400,2400,21600,6000,21600,0,1200,0,28800,7200,7200,0,2400,0,7200,1200,18000,6000,6000,27600,0,0,0,0,0,2400,3600,0,0,13200,4800,2400,0,24000,3600,6000,1200,3600,14400,0,0,1200,0,0,1200,27600,10800,0,2400,13200,4800,0,6000
TE50168,A61,0,0,0,103200,0,0,0,4800,26400,0,52800,0,0,0,36000,0,0,0,0,43200,0,0,0,0,4800,0,0,9600,146400,0,0,19200,0,0,21600,7200,26400,21600,9600,0,0,4800,36000,4800,62400,81600,4800,0,67200,9600,20400,0,33600,182400,0,0,0,4800,0,0,14400,0,57600,98400,4800,2400
TE50169,A11,0,0,0,1000,0,0,0,0,0,0,0,0,1000,2000,0,0,0,0,0,0,0,0,0,1500,0,0,2000,0,0,2500,0,0,0,0,1000,0,1000,0,0,2500,0,0,0,0,0,6000,0,0,0,0,0,0,1000,1500,5000,6000,0,0,0,0,0,2000,0,0,0,2000
TE50170,A24,0,0,9600,7200,0,0,0,26400,0,0,0,31200,0,4800,0,0,26400,0,12000,0,2400,16800,9600,16800,9600,0,2400,21600,0,9600,4800,33600,9600,0,0,2400,9600,21600,7200,4800,2400,28800,4800,0,25820,24000,0,0,10320,50400,0,9600,38400,0,0,55200,0,4800,0,14400,45600,0,7200,45600,4800,0
TE50171,A43,0,0,3000,1500,1500,1500,1500,0,4500,4500,1500,0,0,0,0,0,4500,1500,0,3000,0,0,0,0,0,0,0,0,0,3000,0,3000,0,0,800,1500,4500,0,0,12000,0,0,0,0,0,1500,10500,1200,0,0,0,6000,0,0,3000,0,0,0,1500,0,0,6000,0,0,0,0
TE50172,A38,2000,6880,480,1040,240,720,0,1120,3760,6560,5760,960,1280,480,720,3120,1920,400,880,4960,480,1040,320,800,1840,1520,1840,960,3120,2320,1360,2240,3440,2480,1600,1440,880,0,480,640,1520,720,640,960,2640,1440,2160,2000,2800,3440,2240,2720,7440,7760,960,640,3200,1760,1360,0,6000,1600,2320,13040,640,9680
TE50173,A11,0,0,0,0,1800,0,0,900,0,900,0,900,1800,0,2700,0,900,0,0,0,0,0,0,0,0,1800,0,0,300,2400,0,1800,0,900,0,0,3600,0,0,0,0,0,0,0,0,0,900,900,0,0,0,0,0,0,0,0,0,0,0,0,0,0,0,0,0,0
TE50174,A62,0,1360,0,0,960,1680,0,1120,800,1200,2320,0,1040,0,2720,0,640,0,2000,0,0,0,560,4080,0,0,0,2480,0,400,1120,2560,1040,0,0,1600,2320,0,0,0,0,1600,1520,0,2800,1520,0,0,2400,1600,800,0,3680,1360,400,0,0,320,1680,3200,0,320,5120,560,0,800
TE50175,A21,400,2400,2800,4400,0,0,800,5200,2400,2400,1600,2000,5200,0,0,12400,4400,1200,0,4400,0,7200,1200,1600,6400,6800,3200,1200,2400,400,5600,4400,0,2800,2000,4000,4400,1200,2000,400,6000,6400,3200,5200,8800,0,3200,1600,6800,1200,10000,2400,7600,2800,400,800,0,4000,12800,800,1200,1200,800,1200,1200,3200
TE50176,A49,0,2000,2000,4000,2000,4000,0,0,4000,2000,2000,2000,2000,2000,12000,4000,0,10000,0,8000,6000,4000,6000,4000,2000,4000,3940,10000,2000,4000,2000,4000,0,1600,4000,2000,2000,0,4000,0,2700,10000,0,4000,800,8000,6000,2000,0,6000,0,6000,4000,0,0,4000,0,4000,2000,4000,4000,0,4000,6000,0,0
TE50177,A21,4320,3120,480,5280,1200,4560,1680,11520,5760,5040,2640,4080,240,0,1680,13440,960,9600,0,4800,720,1200,480,6720,6000,1680,6720,720,4800,11040,0,8160,5520,0,3840,7440,2160,4800,6720,3120,5520,12000,4560,8640,15120,0,5280,0,10080,2160,5040,7440,5040,12000,0,0,10320,22080,2160,480,720,2640,0,2640,1440,5280
TE50178,A34,3612,5992,7588,4928,5180,4732,5740,5824,13384,8988,5292,6188,4704,2156,10556,8344,8680,7896,11312,10304,10836,6916,11312,6692,12404,10080,5460,6972,3976,14084,7868,13412,392,7896,7896,9240,14616,12040,8596,8988,10080,5432,8876,9884,9632,14140,9436,7924,11984,7996,11704,8904,11032,9828,12516,13468,7700,10948,10080,4760,17416,8316,3640,15708,7056,8680
TE50179,A63,0,0,0,0,0,0,0,0,0,0,0,0,0,0,0,0,0,0,0,0,0,0,0,0,0,0,0,0,0,0,96000,0,0,0,0,0,0,0,0,0,480000,0,0,528000,0,528000,144000,240000,0,48000,672000,0,96000,288000,0,0,192000,0,0,856000,1296000,0,0,0,96000,480000
TE50180,A63,0,0,0,0,0,0,0,0,0,0,0,0,0,0,0,0,0,0,0,0,0,0,0,0,0,0,0,0,0,52000,0,0,0,0,0,0,0,0,0,0,468000,0,0,520000,0,104000,0,728000,0,0,624000,0,0,0,0,0,0,0,793000,0,848000,156000,0,0,0,364000
TE50181,A1,50000,200000,0,340000,420000,0,120000,510000,120000,90000,70000,20000,260000,90000,350000,440000,230000,0,330000,0,180000,250000,310000,240000,60000,160000,270000,530000,0,170000,230000,100000,120000,100000,380000,140000,190000,100000,140000,0,220000,280000,110000,30000,120000,180000,50000,100000,400000,0,180000,50000,170000,30000,30000,160000,30000,650000,20000,60000,20000,60000,70000,140000,70000,260000
TE50182,A4,640,500,1665,2115,730,1145,755,0,850,325,910,0,1750,1720,1300,1735,665,290,865,2650,2708,2120,2000,2220,2005,450,2325,1500,1815,900,1430,1150,1040,2740,2305,0,3200,500,475,600,2400,600,200,200,0,200,1200,3400,200,65,1400,1375,1650,1000,825,1360,1090,1390,2070,2190,2455,990,1050,1835,2700,2185
TE50183,A1,22000,50000,10000,79000,2000,0,34000,60000,2000,44000,10000,40000,72000,2000,60000,41000,51000,0,40000,0,40000,1000,22000,31000,22000,21000,40000,27000,7000,10000,43000,26000,0,16000,40000,44000,10000,38000,25000,11000,1000,64000,51000,33000,0,8000,10000,15000,5000,45000,0,20000,70000,15000,35000,23000,0,35000,25000,12000,25000,10000,32000,10000,8000,33000
TE50184,A6,0,0,0,0,0,0,0,0,0,0,0,0,0,0,0,0,0,0,0,0,0,0,0,0,0,0,0,0,0,0,1000,0,0,0,0,0,0,0,0,0,3624,0,0,0,0,0,0,0,0,0,0,0,3200,0,0,0,0,0,0,0,0,0,0,0,0,0
TE50185,A35,25000,10000,0,24000,0,0,0,34000,16000,15000,6500,3000,28500,3500,23500,6000,31000,0,13000,4000,5000,3000,13500,8000,9000,23000,23500,14000,0,18000,5000,9000,28000,500,4000,4000,17000,27000,8000,2500,27500,42500,3500,0,18000,21500,10000,6000,0,35500,16000,6000,25000,10000,11500,34000,0,17500,9000,15500,500,0,5000,0,0,13000
TE50186,A53,0,0,0,0,0,0,0,37800,0,24000,23400,42000,7200,8400,10200,29400,0,22800,27000,20400,38400,36600,22800,6600,0,86400,0,0,0,0,46800,0,0,0,60600,0,0,3000,36600,0,11400,13200,10800,30000,0,0,0,10800,33600,0,0,0,21600,0,21600,0,30000,0,13800,0,13200,22800,27000,2400,15000,11400
TE50187,A6,36,0,0,0,0,0,0,36,0,0,72,0,0,0,0,0,0,0,0,0,0,0,0,0,0,0,0,0,0,50,0,0,0,18,0,0,0,54,0,0,0,0,0,0,0,0,0,0,0,90,0,0,0,0,0,0,0,0,0,18,0,70,0,0,18,0
TE50188,A4,0,0,500,500,0,0,3000,1500,0,2500,1000,0,1000,1000,2000,1000,3750,0,0,0,3000,3250,500,2500,5500,3250,7250,3000,2000,3250,0,250,6000,250,0,4000,4000,0,0,3000,2500,2250,500,8000,7250,2000,750,0,1750,2000,2750,2000,3250,2000,500,0,500,6000,6250,1500,2500,5500,2500,2750,8000,11750
TE50189,A64,231000,112000,336000,238000,434000,91000,259000,392000,322000,168000,84000,238000,252000,224000,63000,301000,224000,42000,231000,189000,224000,63000,175000,70000,0,147000,28000,126000,112000,21000,147000,0,35000,140000,189000,28000,119000,0,252000,56000,105000,42000,56000,77000,112000,126000,28000,126000,28000,70000,252000,98000,28000,98000,161000,42000,287000,91000,161000,245000,189000,0,224000,210000,6500,203000
TE50190,A65,0,0,0,0,0,0,0,0,0,0,0,0,0,0,0,0,0,0,0,0,0,0,0,0,0,0,0,0,0,0,0,0,0,0,0,0,4400,800,4800,0,0,0,0,0,2000,0,0,2000,0,0,4000,0,2400,600,2400,2400,0,1600,4000,0,1600,1600,3600,3200,400,1600
TE50191,A66,200,0,200,0,0,0,0,800,0,0,0,0,0,0,0,200,0,400,0,0,0,0,600,0,0,0,0,0,0,1600,0,0,0,0,0,0,0,1600,0,0,0,0,0,0,0,0,0,0,0,0,0,0,400,0,400,0,0,1000,0,0,0,0,0,0,0,0
TE50192,A11,0,0,0,0,0,0,0,0,0,0,0,0,0,0,0,0,0,0,0,0,0,0,0,0,0,0,0,0,0,0,0,0,1600,1600,800,800,750,600,300,4480,0,320,1600,2880,0,4960,0,0,0,2720,4160,0,0,0,960,960,0,0,1920,960,0,2080,0,960,0,800
TE50193,A6,0,0,224,0,0,0,0,0,0,0,0,0,108,0,306,0,54,144,180,54,32,89,30,72,72,36,0,36,0,0,36,51,24,0,36,90,36,0,0,0,18,36,54,0,0,54,0,18,144,342,0,16,0,0,0,0,0,0,0,0,0,0,0,0,0,0
TE50194,A23,48000,0,0,48000,0,0,48000,6000,18000,12000,36000,6000,36000,0,36000,30000,24000,6000,30000,42000,0,30000,36000,6000,12000,24000,0,42000,66000,6000,30000,0,36000,12000,72000,84000,12000,24000,6000,54000,54000,42000,54000,30000,48000,48000,66000,24000,72000,48000,30000,0,72000,18000,42000,18000,0,30000,18000,0,24000,0,12000,6000,6000,78000
TE50195,A4,0,0,0,900,0,0,0,0,0,0,600,0,0,0,0,889,900,0,0,300,900,0,0,0,0,0,0,600,300,0,0,0,0,300,600,0,0,300,300,0,300,0,0,300,300,300,0,0,0,600,0,0,0,300,300,0,0,300,0,300,300,300,0,300,0,574
TE50196,A6,100,100,0,0,0,0,0,50,0,0,100,0,0,0,0,450,0,0,0,0,0,0,0,700,0,0,0,0,900,0,0,150,1500,0,0,1500,0,0,0,0,0,0,0,0,0,0,0,0,0,0,0,0,0,0,0,0,0,0,0,0,0,0,0,700,0,0
TE50197,A11,1500,2250,2250,1500,1500,2250,0,1500,3750,750,1500,3750,1500,0,2250,11250,1500,750,0,2250,1500,4500,1500,6750,1500,0,0,3000,10500,1500,0,0,518,7500,3000,0,2250,3750,3000,1500,0,0,3750,1500,750,1500,3750,3750,1500,750,750,1500,750,2250,1500,3750,0,3000,3750,1500,5250,0,3000,1500,5250,12000
TE50198,A67,6000,0,6000,0,0,0,0,2000,1000,0,0,12000,1000,0,0,20000,1000,0,0,4000,3000,1000,3000,0,4000,0,11000,0,4000,2000,0,1000,0,8000,3000,3000,0,0,0,0,0,0,0,0,0,11000,6000,0,0,12000,1000,0,0,0,0,0,0,0,15000,0,0,0,1000,0,0,10000
TE50199,A67,6000,0,6000,0,0,0,0,2000,1000,0,0,12000,1000,0,0,20000,1000,0,0,4000,3000,1000,3000,0,4000,0,11000,0,4000,2000,0,1000,0,8000,3000,3000,0,0,0,0,0,0,0,0,0,11000,6000,0,0,12000,1000,0,0,0,0,0,0,0,15000,0,0,0,1000,0,0,10000
TE50200,A18,3000,0,0,7500,0,0,3000,6000,3000,0,7500,4500,0,0,0,6000,0,3000,7500,3000,3000,3000,4500,1500,0,3000,0,4500,0,1500,1500,3000,0,4500,0,6000,6000,1500,0,3000,4500,4500,4500,6000,0,3000,9000,0,0,9000,0,0,7500,0,0,7500,0,6000,0,9000,0,0,0,3000,0,0
TE50201,A43,0,0,0,0,0,12000,0,8000,0,12000,0,28000,52000,128000,24000,0,0,0,200000,12000,32000,112000,96000,96000,0,0,0,140000,116000,20000,68000,72000,28000,112000,148000,12000,16000,24000,48000,20000,48000,0,4000,16000,12000,60000,0,0,80000,220000,76000,0,32000,0,300000,4000,0,0,16000,308000,0,0,80000,68000,0,0
TE50202,A68,200000,0,90000,310000,0,0,100000,250000,250000,600000,0,0,0,220000,0,0,290000,0,0,0,0,500000,0,0,0,0,0,0,0,0,500000,440000,0,0,0,0,0,0,0,0,350000,0,350000,0,0,0,0,350000,700000,0,0,0,600000,0,0,0,0,0,0,400000,0,0,0,200000,800000,0
TE50203,A32,16000,0,0,0,0,0,0,16000,0,0,32000,16000,0,0,0,0,16000,0,16000,0,0,16000,0,0,16000,0,0,0,0,16000,48000,32000,32000,0,0,0,16000,0,32000,0,80000,32000,0,0,32000,32000,0,16000,0,64000,48000,0,0,0,32000,64000,0,0,0,16000,32000,0,0,0,0,0
TE50204,A65,0,0,0,0,0,0,0,0,0,0,0,0,0,0,0,0,0,0,0,0,0,0,0,0,0,0,0,0,0,0,0,0,0,0,0,0,1200,3600,0,0,0,0,0,0,0,0,0,0,0,0,4000,0,0,3200,5600,400,0,2400,0,0,400,3200,6800,4800,0,0
TE50205,A45,0,4000,4000,4000,2000,6000,6000,2000,6000,2000,660,8000,2000,2000,8000,6000,6000,2000,8000,6000,6000,10000,0,6000,6000,6000,2000,8000,4000,4000,6000,4000,4000,8000,6000,6000,6000,4000,7500,4000,10000,2000,10000,4000,6000,8000,6000,22000,0,0,10000,10000,2000,12000,8000,4000,6000,8000,6000,4000,6000,4000,6000,12000,4000,8000
TE50206,A18,3800,3800,0,0,3800,0,0,0,3800,3800,1900,0,1900,0,0,0,3800,3800,1900,3800,1900,0,3800,1900,0,5700,3800,3800,0,0,3800,3800,0,0,0,3800,1900,3800,0,3800,9500,0,0,1900,1900,1900,3800,3800,7600,7600,0,0,0,0,1900,1800,0,1900,3800,1900,3800,1900,0,3800,7600,1900
TE50207,A38,0,3600,1200,3600,0,2400,1200,1200,2400,6000,12000,0,0,2400,15600,6000,8400,2400,1200,1200,0,2400,1200,1200,1200,1200,1200,1200,1200,2400,2400,3600,7200,2400,2400,6000,3600,2400,0,1200,6000,4800,2400,4800,9600,7200,3600,9600,3600,16800,3600,8400,16800,18000,1200,6000,3600,0,87600,1200,3600,1200,2400,14400,1200,7200
TE50208,A6,0,0,0,0,0,0,0,0,0,0,0,1000,0,0,0,0,0,0,0,0,0,0,0,0,0,0,0,0,0,0,500,0,0,0,0,0,300,0,0,0,2000,0,0,0,0,0,0,0,0,0,0,0,0,0,500,0,0,0,0,500,0,0,0,1000,0,0
TE50209,A11,0,0,0,1000,0,0,0,0,0,1000,0,0,0,0,0,0,1000,0,1000,1000,0,1000,0,1000,0,0,0,0,1000,1000,0,1000,0,1000,0,0,1000,0,1000,0,0,0,0,1000,0,0,2000,1000,0,0,0,1000,0,1000,0,0,0,1000,0,0,2000,0,0,1000,0,0
TE50210,A65,0,0,0,0,0,0,0,0,0,0,0,0,0,0,0,0,0,0,0,0,0,0,0,700,0,9100,0,0,0,700,0,0,0,0,0,0,0,0,0,0,3494,0,0,0,0,0,0,0,0,0,0,0,3200,0,0,0,0,0,0,0,0,0,0,0,0,0
TE50211,A24,0,0,0,0,0,0,0,992,0,0,0,0,1984,1632,0,0,2112,0,576,1600,0,0,1984,0,1408,0,0,2240,1728,2656,0,1728,1280,0,0,0,640,8480,0,0,1504,1920,576,6656,1536,0,0,0,320,4544,0,0,5120,0,0,7136,0,0,0,0,3392,0,2880,64,0,4992
TE50212,A1,0,0,0,0,0,0,1800,450,0,4050,0,1350,900,0,2700,0,4050,0,0,0,0,2700,0,0,0,0,0,0,0,0,0,900,1800,0,0,3600,0,0,0,1800,1800,0,0,0,0,0,0,900,900,0,0,0,450,900,450,450,0,1800,0,1800,0,3600,0,0,0,0
TE50213,A6,0,0,0,0,20,0,0,0,0,0,0,0,0,0,0,0,0,0,0,0,0,0,0,0,0,0,0,0,0,20,0,0,0,0,0,0,0,20,0,0,0,0,0,0,0,0,0,0,0,0,0,0,0,0,0,0,0,0,0,0,0,0,0,0,0,0
TE50214,A4,0,0,0,0,0,0,0,0,3000,0,0,0,0,1000,0,3000,0,0,2000,3000,0,0,6000,2000,0,0,2000,3000,6000,0,1000,3000,1000,0,0,0,3000,0,2000,6000,0,0,0,5000,1000,0,0,3000,0,2000,6000,0,1000,0,3000,0,0,3000,4000,0,0,0,0,12000,3000,0
TE50215,A43,35000,10000,15000,20000,30000,0,45000,5000,13000,35000,0,0,55000,10000,40000,40000,55000,15000,30000,15000,0,15000,20000,30000,15000,10000,5000,15000,0,30000,5000,55000,30000,20000,0,50000,60000,15000,0,10000,45000,10000,10000,10000,0,5000,10000,45000,0,0,0,0,0,0,10000,30000,0,0,35000,0,15000,10000,5000,15000,20000,0
TE50216,A44,294,0,0,0,0,252,0,0,84,168,0,0,84,0,0,0,84,630,0,0,336,0,0,84,756,168,0,546,0,630,42,546,0,420,84,0,0,210,420,420,294,294,0,630,378,0,0,0,0,1092,0,0,168,252,210,0,0,0,210,0,0,0,0,0,0,0
TE50217,A28,3000,2856,0,4200,0,0,0,0,3840,0,2352,0,792,0,0,600,1632,0,0,2880,0,0,0,0,3120,0,0,0,0,0,0,936,0,0,0,0,0,0,0,0,0,0,1176,0,1824,360,0,0,0,2472,0,0,1080,0,0,0,0,0,0,0,0,0,0,600,2400,192
TE50218,A38,900,900,0,7200,900,0,0,1200,2100,600,13500,1200,0,2100,8700,900,3900,1500,0,0,0,1200,1800,600,900,1500,900,900,600,2100,600,900,10200,900,1200,600,1800,1200,2100,0,1500,6300,300,8400,2400,3000,0,0,3000,11100,0,3000,1800,0,0,300,0,1800,900,0,1500,300,1500,3600,0,1500
TE50219,A4,1000,0,3000,1000,1000,0,1000,1000,0,2000,0,0,1000,2000,0,3000,1000,0,0,0,7000,0,3000,0,10000,0,0,0,0,6000,5000,3000,0,0,0,1000,1000,0,3000,0,2000,0,0,3000,0,0,3000,1000,0,4000,2000,0,2000,0,3000,1000,1000,0,6000,7000,0,2000,0,0,8000,0
TE50220,A65,0,0,0,0,0,0,0,1600,4000,0,0,0,1520,0,0,0,0,0,0,0,0,2000,0,0,6160,0,0,0,0,2000,0,0,0,0,960,1040,2560,2560,3040,0,0,1200,1280,2720,1200,1360,2080,0,2560,0,1040,2960,1760,3200,0,4000,0,2000,2000,2960,0,1040,2000,2000,0,1920
TE50221,A65,0,0,0,0,0,0,0,1600,4000,0,0,0,1520,0,0,0,0,0,0,0,0,2000,0,0,6160,0,0,0,0,2000,0,0,0,0,2640,0,2560,2560,4800,0,0,1200,2560,1440,1200,1360,2080,0,2560,0,1040,2960,1760,3200,0,4000,0,2000,2000,2960,0,1040,2000,2000,0,1920
TE50222,A43,36000,0,0,0,0,12000,0,33000,6000,21000,0,0,24000,9000,0,6000,0,0,0,0,0,0,0,0,3000,0,12000,3000,0,15000,24000,0,0,0,0,0,0,18000,6000,3000,9000,3000,0,0,21000,12000,3000,0,9000,0,9000,0,6000,0,0,0,0,0,21000,12000,0,0,15000,9000,0,0
TE50223,A35,0,5000,0,3000,0,0,0,0,0,1500,2500,2000,2000,3000,4500,10000,6500,0,0,0,2000,5000,4000,8500,0,13500,0,3000,2000,0,2000,2500,0,0,0,4000,0,4500,0,1000,500,4000,1000,1000,6000,0,0,0,3000,0,0,2500,2000,1500,0,1000,2500,11000,1500,0,5000,2000,1000,0,8000,3500
TE50224,A66,0,0,315,0,0,0,0,315,0,0,0,0,0,0,0,0,0,0,0,0,0,0,0,0,0,0,0,0,0,0,0,0,1260,0,0,0,0,0,0,0,0,0,0,0,0,0,0,0,0,0,0,0,315,0,315,0,0,630,0,0,0,0,315,0,0,0
TE50225,A43,12000,0,0,0,0,4000,0,0,0,0,48000,0,0,60000,0,0,0,0,12000,52000,0,0,48000,52000,0,0,0,0,76000,44000,0,8000,0,0,112000,0,0,40000,52000,24000,20000,0,0,12000,36000,0,0,0,4000,32000,0,0,20000,0,4000,0,0,0,0,0,0,0,20000,0,0,0
TE50226,A54,0,0,0,800,0,0,0,0,0,0,800,0,200,0,0,700,0,0,0,0,0,0,0,0,300,920,0,0,0,0,0,0,0,0,600,300,0,0,0,0,0,0,780,0,0,0,0,0,0,0,0,0,0,0,0,0,0,0,0,0,0,0,0,0,0,0
TE50227,A66,480,960,0,0,0,0,0,960,0,0,0,0,1440,0,0,6240,0,0,0,0,0,0,0,0,0,0,0,0,0,0,0,0,0,0,0,0,0,0,0,0,0,0,0,0,0,0,0,0,0,0,0,0,3360,0,4320,0,0,4800,0,0,0,0,0,0,0,0
TE50228,A11,0,0,0,4000,0,0,11000,0,0,0,0,8000,8000,0,0,8000,0,0,8000,0,8000,0,0,9000,0,4000,0,8000,8000,8000,0,0,16000,0,0,0,0,0,0,0,16000,0,0,0,0,0,8000,0,8000,0,0,0,0,8000,0,8000,0,0,0,8000,0,0,0,0,0,0
TE50229,A66,420,0,840,0,0,0,0,210,0,0,210,0,210,0,0,420,0,0,0,0,0,0,0,0,0,0,0,0,0,0,0,0,2100,0,0,0,0,0,0,0,0,0,0,0,0,0,0,0,840,0,0,0,0,0,0,210,0,210,0,0,420,0,0,0,0,0
TE50230,A11,0,500,0,0,0,1500,0,5000,0,0,0,0,0,0,0,0,0,0,0,0,0,0,0,0,500,0,0,0,0,1500,0,0,0,0,0,0,0,0,0,1000,0,0,500,500,0,500,3000,0,0,0,0,0,0,0,0,0,0,6000,0,0,0,0,0,0,0,0
TE50231,A69,0,0,0,12000,0,0,0,0,12000,0,0,0,0,0,0,12000,0,0,0,0,0,0,0,0,0,0,0,0,0,12000,0,0,0,12000,0,0,12000,0,0,0,0,0,0,5100,0,12000,0,2600,12000,12000,0,0,0,0,0,6700,0,0,12000,0,0,0,12000,0,0,0
TE50232,A11,21000,0,10500,0,0,0,21000,10500,0,10500,10500,0,10500,0,21000,10500,31500,21000,21000,10500,10500,10500,21000,42000,47000,0,0,0,0,10500,0,5000,10500,21000,0,0,0,0,0,21000,0,0,10500,0,0,0,10500,0,0,0,0,10500,10500,0,0,0,0,0,0,0,10500,0,0,0,0,0
TE50233,A43,0,0,3000,0,6000,0,0,3000,0,0,0,0,6000,0,3000,0,3000,0,0,0,12000,0,3000,9000,3000,0,0,0,0,0,0,0,3000,0,0,3000,15000,0,0,9000,12000,0,0,0,0,0,6000,0,0,0,3000,3000,0,0,0,0,0,0,9000,0,0,9000,0,0,6000,0
TE50234,A11,0,0,0,0,0,0,0,0,0,0,0,0,0,0,0,96,0,0,0,0,0,0,0,0,0,0,0,0,0,0,0,0,0,0,0,0,0,0,0,0,0,0,0,0,0,48,0,0,240,0,0,0,0,0,0,0,0,0,0,0,0,0,0,0,0,0
TE50235,A43,0,0,3000,0,0,0,6000,6000,0,0,0,0,0,0,0,3000,24000,0,0,0,0,0,0,3000,0,0,0,0,6000,3000,0,0,0,3000,0,0,3000,0,0,0,0,0,0,0,0,0,3000,0,0,0,0,0,0,0,0,0,0,0,0,0,0,0,0,0,0,0
TE50236,A43,0,0,0,0,12000,0,0,0,0,0,0,0,6000,0,0,0,6000,0,6000,0,0,0,0,0,0,0,0,0,0,0,0,0,0,0,0,0,0,6000,0,0,0,6000,0,0,0,0,0,0,0,0,0,0,0,0,0,0,0,6000,0,0,0,0,0,0,0,0
TE50237,A11,0,0,3000,0,0,0,0,0,0,0,0,0,0,0,0,0,0,0,0,0,0,0,0,0,0,0,0,0,0,0,0,0,0,0,0,0,0,0,0,0,0,0,0,0,0,0,0,0,0,0,0,0,0,0,0,0,0,0,0,0,0,0,0,0,0,0
TE50238,A47,0,0,0,0,0,0,0,1000,0,0,0,0,0,0,0,0,0,0,0,0,500,0,0,0,0,0,0,0,0,0,0,0,0,0,0,0,0,0,0,0,0,0,0,0,0,0,0,0,0,0,0,500,0,0,0,0,0,0,0,0,0,285,0,0,0,500
TE50239,A43,0,0,0,0,3000,0,0,6000,0,0,0,0,0,0,0,0,0,0,0,0,0,0,0,3000,0,0,0,0,0,0,0,0,0,0,0,0,0,3000,0,0,0,0,0,0,0,0,0,3000,0,0,0,0,0,0,0,0,3000,0,0,0,0,0,0,3000,0,0
TE50240,A3,0,0,0,0,0,0,0,0,0,0,0,0,0,0,0,0,0,0,0,0,0,0,0,0,0,0,0,0,0,0,0,0,0,0,0,0,0,0,0,0,0,0,0,0,0,0,0,0,0,0,0,0,0,0,0,0,0,0,0,0,0,0,0,0,0,0
TE50241,A70,0,1000,0,500,2000,0,0,500,500,500,0,0,1000,0,0,2500,0,0,0,0,1000,1000,500,500,0,0,0,2500,0,500,0,0,0,0,1000,500,0,0,0,0,0,0,0,0,0,0,0,0,0,0,0,0,0,0,0,0,0,0,0,0,0,0,0,0,0,0
TE50242,A18,4000,0,0,0,0,6000,6000,6000,14000,12000,2000,0,0,6000,30000,0,6000,44000,6000,0,8000,72000,2000,0,4000,0,4000,24000,2000,0,44000,4000,2000,12000,28000,4000,6000,32000,2000,32000,8000,0,24000,30000,60000,54000,24000,6000,0,2000,50000,0,30000,56000,2000,86000,0,36000,2000,2000,72000,2000,0,12000,2000,2000
TE50243,A32,0,0,0,0,0,0,0,0,0,0,0,0,0,0,0,0,0,0,0,0,0,0,0,0,0,0,36000,0,0,0,0,0,0,0,31500,0,0,0,0,0,0,0,0,0,0,0,0,0,0,0,0,0,0,0,0,0,0,0,0,0,0,0,0,6000,33000,15000
TE50244,A32,0,0,0,0,0,0,0,0,0,0,0,0,0,0,0,0,0,0,0,0,0,0,0,0,0,0,36000,0,0,0,0,0,0,0,31500,0,0,0,0,0,0,0,0,0,0,0,0,0,0,0,0,0,0,0,0,0,0,0,0,0,0,0,0,6000,33000,15000
TE50245,A70,0,0,0,0,0,0,0,0,500,0,0,0,0,0,0,0,0,0,0,0,0,0,0,0,0,0,0,0,0,0,0,0,0,0,0,0,0,0,0,0,0,0,0,0,0,0,0,0,0,0,0,0,0,0,0,0,0,0,0,0,0,0,0,2000,0,0
TE50246,A11,0,0,0,0,0,0,0,0,0,0,0,0,0,0,0,0,0,0,0,0,0,0,0,0,0,0,0,0,0,0,0,0,0,0,0,0,0,0,0,0,0,0,0,0,0,0,0,0,120,0,0,0,0,0,0,0,0,0,0,0,0,0,0,0,0,0
TE50247,A6,0,0,0,0,0,0,0,0,0,0,0,0,197,0,16,0,386,0,0,0,0,0,0,0,0,0,0,0,0,0,0,0,0,0,0,0,0,0,0,0,0,0,0,0,0,0,0,0,0,0,0,0,0,0,0,0,0,0,0,0,0,0,0,0,0,0
TE50248,A6,0,0,275,0,0,0,0,36,0,0,0,54,0,189,144,36,162,0,108,162,36,126,216,36,72,85,106,0,0,0,0,0,0,0,0,0,0,0,0,0,0,0,0,0,0,0,0,0,0,0,0,0,0,0,0,0,0,0,0,0,0,0,0,0,0,0
TE50249,A34,0,1056,2208,2112,4224,1056,2448,1728,5184,1968,3264,1968,3024,1632,4608,2112,0,0,0,0,0,0,0,0,0,0,0,0,0,0,0,0,0,0,0,0,0,0,0,0,0,0,0,0,0,0,0,0,0,0,0,0,0,0,0,0,0,0,0,0,0,0,0,0,0,0
TE50250,A32,0,3000,18000,48000,21000,24000,63000,0,0,27000,36000,48000,42000,34500,24000,24000,0,0,9000,15000,16500,24000,27000,1500,0,0,0,0,0,0,0,0,0,0,0,6000,9000,24000,30000,30000,22500,6000,30000,36000,48000,16500,4500,0,0,0,0,0,0,0,36000,25500,0,30000,12000,21000,7500,0,0,36000,24000,15000
TE50251,A32,0,3000,18000,48000,21000,24000,63000,0,0,27000,36000,48000,42000,34500,24000,24000,0,0,9000,15000,16500,24000,27000,1500,0,0,0,0,0,0,0,0,0,0,0,6000,9000,24000,30000,30000,22500,6000,30000,36000,48000,16500,4500,0,0,0,0,0,0,0,36000,25500,0,30000,12000,21000,7500,0,0,36000,24000,15000
TE50252,A35,0,0,0,0,0,0,0,0,0,0,0,0,0,0,0,0,0,0,0,0,0,0,0,0,0,0,0,0,0,0,0,0,0,0,0,0,0,0,0,0,0,0,0,0,0,0,0,0,0,0,0,0,0,0,0,0,0,0,0,0,0,0,0,0,0,0
TE50253,A32,0,0,0,0,0,0,0,0,0,0,0,0,0,0,0,0,0,0,0,0,0,0,0,0,0,0,0,0,0,0,0,0,0,0,0,0,0,0,0,0,0,0,0,0,0,0,0,0,0,0,0,0,0,0,0,0,0,0,0,0,0,0,0,0,0,0
TE50254,A32,0,0,0,0,0,0,0,0,0,0,0,0,0,0,0,0,0,0,0,0,0,0,0,0,0,0,0,0,0,0,0,0,0,0,0,0,0,0,0,0,0,0,0,0,0,0,0,0,0,0,0,0,0,0,0,0,0,0,0,0,0,0,0,0,0,0
TE50255,#N/A,0,0,0,0,0,0,0,0,0,0,0,0,0,0,0,0,0,0,0,0,0,0,0,0,0,0,0,0,0,0,0,0,0,0,0,0,0,0,0,0,0,0,0,0,0,0,0,0,0,0,0,0,0,0,0,0,0,0,0,0,0,0,0,0,0,0
TE50256,A32,0,0,0,0,0,0,0,0,0,0,0,0,0,0,0,0,0,0,0,0,0,0,0,0,0,0,0,0,0,0,0,0,0,0,0,0,0,0,0,0,0,0,0,0,0,0,0,0,0,0,0,0,0,0,0,0,0,0,0,0,0,0,0,0,0,0
TE50257,A32,0,0,0,0,0,0,0,0,0,0,0,0,0,0,0,0,0,0,0,0,0,0,0,0,0,0,0,0,0,0,0,0,0,0,0,0,0,0,0,0,0,0,0,0,0,0,0,0,0,0,0,0,0,0,0,0,0,0,0,0,0,0,0,0,0,0
TE50258,A32,0,0,0,0,0,0,0,0,0,0,0,0,0,0,0,0,0,0,0,0,0,0,0,0,0,0,0,0,0,0,0,0,0,0,0,0,0,0,0,0,0,0,0,0,0,0,0,0,0,0,0,0,0,0,0,0,0,0,0,0,0,0,0,0,0,0
TE50259,A32,0,0,0,0,0,0,0,0,0,0,0,0,0,0,0,0,0,0,0,0,0,0,0,0,0,0,0,0,0,0,0,0,0,0,0,0,0,0,0,0,0,0,0,0,0,0,0,0,0,0,0,0,0,0,0,0,0,0,0,0,0,0,0,0,0,0
TE50260,#N/A,0,0,0,0,0,0,0,0,0,0,0,0,0,0,0,0,0,0,0,0,0,0,0,0,0,0,0,0,0,0,0,0,0,0,0,0,0,0,0,0,0,0,0,0,0,0,0,0,0,0,0,0,0,0,0,0,0,0,0,0,0,0,0,0,0,0
TE50261,#N/A,0,0,0,0,0,0,0,0,0,0,0,0,0,0,0,0,0,0,0,0,0,0,0,0,0,0,0,0,0,0,0,0,0,0,0,0,0,0,0,0,0,0,0,0,0,0,0,0,0,0,0,0,0,0,0,0,0,0,0,0,0,0,0,0,0,0
TE50262,A60,0,0,0,0,0,0,0,0,0,0,0,0,0,0,0,0,0,0,0,0,0,0,0,0,0,0,0,0,0,0,0,0,0,0,0,0,0,0,0,0,0,0,0,0,0,0,0,0,0,0,0,0,0,0,0,0,0,0,0,0,0,0,0,0,0,0
TE50263,A11,0,0,0,0,0,0,0,0,0,0,0,0,0,0,0,0,0,0,0,0,0,0,0,0,0,0,0,0,0,0,0,0,0,0,0,0,0,0,0,0,0,0,0,0,0,0,0,0,0,0,0,0,0,0,0,0,0,0,0,0,0,0,0,0,0,0
TE50264,#N/A,0,0,0,0,0,0,0,0,0,0,0,0,0,0,0,0,0,0,0,0,0,0,0,0,0,0,0,0,0,0,0,0,0,0,0,0,0,0,0,0,0,0,0,0,0,0,0,0,0,0,0,0,0,0,0,0,0,0,0,0,0,0,0,0,0,0
TE50265,#N/A,0,0,0,0,0,0,0,0,0,0,0,0,0,0,0,0,0,0,0,0,0,0,0,0,0,0,0,0,0,0,0,0,0,0,0,0,0,0,0,0,0,0,0,0,0,0,0,0,0,0,0,0,0,0,0,0,0,0,0,0,0,0,0,0,0,0
TE50266,#N/A,0,0,0,0,0,0,0,0,0,0,0,0,0,0,0,0,0,0,0,0,0,0,0,0,0,0,0,0,0,0,0,0,0,0,0,0,0,0,0,0,0,0,0,0,0,0,0,0,0,0,0,0,0,0,0,0,0,0,0,0,0,0,0,0,0,0
TE50267,A40,2250,0,0,0,0,0,0,0,0,0,0,0,0,0,0,0,0,0,0,0,0,0,0,0,0,0,0,0,0,0,0,0,0,0,0,0,0,0,0,0,0,0,0,0,0,0,0,0,0,0,0,0,0,0,0,0,0,0,0,0,0,0,0,0,0,0
TE50268,A11,0,0,0,0,0,0,0,0,0,0,0,0,0,0,0,0,0,0,0,0,0,0,0,0,0,0,0,0,0,0,0,0,0,0,0,0,0,0,0,0,0,0,0,0,0,0,0,0,0,0,0,0,0,0,0,0,0,0,0,0,0,0,0,0,0,0
TE50269,#N/A,0,0,0,0,0,0,0,0,0,0,0,0,0,0,0,0,0,0,0,0,0,0,0,0,0,0,0,0,0,0,0,0,0,0,0,0,0,0,0,0,0,0,0,0,0,0,0,0,0,0,0,0,0,0,0,0,0,0,0,0,0,0,0,0,0,0
TE50270,A71,0,0,0,0,0,0,0,0,0,0,0,0,0,0,0,0,0,0,0,0,0,0,0,0,0,0,0,0,0,0,0,0,0,0,0,0,0,0,0,0,0,0,0,0,0,0,0,0,0,0,0,0,0,0,0,0,0,0,0,0,0,0,0,0,0,0
TE50271,#N/A,0,0,0,0,0,0,0,0,0,0,0,0,0,0,0,0,0,0,0,0,0,0,0,0,0,0,0,0,0,0,0,0,0,0,0,0,0,0,0,0,0,0,0,0,0,0,0,0,0,0,0,0,0,0,0,0,0,0,0,0,0,0,0,0,0,0
TE50272,A44,0,0,0,0,0,0,0,0,0,0,0,0,0,0,0,0,0,0,0,0,0,0,0,0,0,0,0,0,0,0,0,0,0,0,0,0,0,0,0,0,0,0,0,0,0,0,0,0,0,0,0,0,0,0,0,0,0,0,0,0,0,0,0,0,0,0
TE50273,A3,0,0,0,0,0,0,0,0,0,0,0,0,0,0,0,0,0,0,0,0,0,0,0,0,0,0,0,0,0,0,0,0,0,0,0,0,0,0,0,0,0,0,0,0,0,0,0,0,0,0,0,0,0,0,0,0,0,0,0,0,0,0,0,0,0,0
TE50274,A11,0,0,0,0,0,0,0,0,0,0,0,0,0,0,0,0,0,0,0,0,0,0,0,0,0,0,0,0,0,0,0,0,0,0,0,0,0,0,0,0,0,0,0,0,0,190,0,0,384,0,0,0,0,0,0,0,0,0,0,0,0,0,0,0,0,0
TE50275,A69,0,0,0,12000,0,0,0,0,12000,0,0,0,0,0,0,12000,0,0,0,0,0,0,0,0,0,0,0,0,0,0,0,0,0,0,0,0,0,0,0,0,0,0,0,12000,0,0,0,0,0,0,0,0,0,0,0,11700,0,0,0,0,12000,0,0,0,0,0
TE50276,A72,0,0,0,0,0,0,0,0,0,0,0,0,0,0,0,0,0,0,0,0,0,0,0,0,0,0,0,0,0,0,0,0,0,0,0,0,0,0,0,0,0,0,0,0,0,0,0,0,0,0,0,0,0,0,0,0,0,0,0,0,0,0,0,0,0,0
TE50277,A11,0,0,0,0,0,0,0,0,0,0,0,0,0,0,0,0,0,0,0,0,0,0,0,0,0,0,0,0,0,0,0,0,0,0,0,0,0,0,0,0,0,0,0,0,0,0,0,0,0,0,0,0,0,0,0,0,0,0,0,0,0,0,0,0,0,0
TE50278,#N/A,0,0,0,0,0,0,0,0,0,0,0,0,0,0,0,0,0,0,0,0,0,0,0,0,0,0,0,0,0,0,0,0,0,0,0,0,0,0,0,0,0,0,0,0,0,0,0,0,0,0,0,0,0,0,0,0,0,0,0,0,0,0,0,0,0,0
TE50279,#N/A,0,0,0,0,0,0,0,0,0,0,0,0,0,0,0,0,0,0,0,0,0,0,0,0,0,0,0,0,0,0,0,0,0,0,0,0,0,0,0,0,0,0,0,0,0,0,0,0,0,0,0,0,0,0,0,0,0,0,0,0,0,0,0,0,0,0
TE50280,#N/A,0,0,0,0,0,0,0,0,0,0,0,0,0,0,0,0,0,0,0,0,0,0,0,0,0,0,0,0,0,0,0,0,0,0,0,0,0,0,0,0,0,0,0,0,0,0,0,0,0,0,0,0,0,0,0,0,0,0,0,0,0,0,0,0,0,0
TE50281,A6,0,0,0,3000,0,0,0,0,0,0,0,0,0,0,0,0,0,0,0,0,0,0,0,0,0,0,0,0,0,0,0,0,0,0,0,0,0,0,0,0,0,0,0,0,0,0,0,0,0,0,0,0,0,0,0,0,0,0,0,0,0,0,0,0,0,0
TE50282,#N/A,0,0,0,0,0,0,0,0,0,0,0,0,0,0,0,0,0,0,0,0,0,0,0,0,0,0,0,0,0,0,0,0,0,0,0,0,0,0,0,0,0,0,0,0,0,0,0,0,0,0,0,0,0,0,0,0,0,0,0,0,0,0,0,0,0,0
TE50283,A73,0,0,0,0,0,0,0,0,0,0,0,0,0,0,0,0,0,0,0,0,0,0,0,0,0,0,0,0,0,0,0,0,0,0,0,0,0,0,0,0,0,0,0,0,0,0,0,0,0,0,0,0,0,0,0,0,0,0,0,0,0,0,0,0,0,0
TE50284,A67,0,0,0,0,0,0,0,0,0,0,0,0,0,0,0,0,0,0,0,0,0,0,0,0,0,0,0,0,0,0,0,0,0,0,0,0,0,0,0,0,0,0,0,0,0,0,0,0,0,0,0,0,0,0,0,0,0,0,0,0,0,0,0,0,0,0
TE50285,A73,0,0,0,0,0,0,0,0,0,0,0,0,0,0,0,0,0,0,0,0,0,0,0,0,0,0,0,0,0,0,0,0,0,0,0,0,0,0,0,0,0,0,0,0,0,0,0,0,0,0,0,0,0,0,0,0,0,0,0,0,0,0,0,0,0,0
TE50286,#N/A,0,0,0,0,0,0,0,0,0,0,0,0,0,0,0,0,0,0,0,0,0,0,0,0,0,0,0,0,0,0,0,0,0,0,0,0,0,0,0,0,0,0,0,0,0,0,0,0,0,0,0,0,0,0,0,0,0,0,0,0,0,0,0,0,0,0
TE50287,A72,0,0,0,0,0,0,0,0,0,0,0,0,0,0,0,0,0,0,0,0,0,0,0,0,0,0,0,0,0,0,0,0,0,0,0,0,0,0,0,0,0,0,0,0,0,0,0,0,0,0,0,0,0,0,0,0,0,0,0,0,0,0,0,0,0,0
TE50288,A6,0,0,0,0,0,0,0,0,0,0,0,118,0,0,0,0,0,0,0,0,0,0,0,0,0,0,0,0,0,0,0,0,0,0,0,0,0,0,0,0,0,0,0,0,0,0,0,0,0,0,0,0,0,0,0,0,0,0,0,0,0,0,0,0,0,0
TE50289,A67,0,0,0,0,0,0,0,0,0,0,0,0,0,0,0,0,0,0,0,0,0,0,0,0,0,0,0,0,0,0,0,0,0,0,0,0,0,0,0,0,0,0,0,0,0,0,0,0,0,0,0,0,0,0,0,0,0,0,0,0,0,0,0,0,0,0
TE50290,#N/A,0,0,0,0,0,0,0,0,0,0,0,0,0,0,0,0,0,0,0,0,0,0,0,0,0,0,0,0,0,0,0,0,0,0,0,0,0,0,0,0,0,0,0,0,0,0,0,0,0,0,0,0,0,0,0,0,0,0,0,0,0,0,0,0,0,0
TE50291,A3,0,0,0,0,0,0,0,0,0,0,0,0,0,0,0,0,0,0,0,0,0,0,0,0,0,0,0,0,0,0,0,0,0,0,0,0,0,0,0,0,0,0,0,0,0,0,0,0,0,0,0,0,0,0,0,0,0,0,0,0,0,0,0,0,0,0
TE50292,A6,0,0,0,0,0,0,0,0,0,0,0,0,0,0,0,0,0,0,0,0,0,0,0,0,0,0,0,0,0,0,0,0,0,0,0,0,0,0,0,0,0,0,0,0,0,0,0,0,0,0,0,0,0,0,0,0,0,0,0,0,0,0,0,0,0,0
TE50293,#N/A,0,0,0,0,0,0,0,0,0,0,0,0,0,0,0,0,0,0,0,0,0,0,0,0,0,0,0,0,0,0,0,0,0,0,0,0,0,0,0,0,0,0,0,0,0,0,0,0,0,0,0,0,0,0,0,0,0,0,0,0,0,0,0,0,0,0
TE50294,A11,0,0,0,0,0,0,0,0,0,0,0,0,0,0,0,0,0,0,0,0,0,0,0,0,0,0,0,0,0,0,0,0,0,0,0,0,0,0,0,0,0,0,0,0,0,0,0,0,0,0,0,0,0,0,0,0,0,0,0,0,0,0,0,0,0,2000
TE50295,A6,0,0,0,0,0,0,0,0,0,0,0,0,0,0,0,0,0,0,0,0,0,0,0,0,0,0,0,0,0,0,0,0,0,0,0,0,0,0,0,0,0,0,0,0,0,0,0,0,0,0,0,0,0,0,0,0,0,0,0,0,0,0,0,0,0,0
TE50296,A6,0,0,0,0,0,0,0,0,0,0,0,0,0,0,0,0,0,0,0,0,0,0,0,0,0,0,0,0,0,0,0,0,0,0,0,0,0,0,0,0,0,0,0,0,0,0,0,0,0,0,0,0,0,0,0,0,0,0,0,0,0,0,0,0,0,0
TE50297,A6,0,0,0,0,0,0,0,0,0,0,0,0,0,0,0,0,0,0,0,0,0,0,0,0,0,0,0,0,0,0,0,0,0,0,0,0,0,0,0,0,0,0,0,0,0,0,0,0,0,0,0,0,0,0,0,0,0,0,0,0,0,0,0,0,0,0
TE50298,A65,0,0,0,0,0,0,0,0,0,0,0,0,0,0,0,0,0,0,0,0,0,0,0,0,0,0,0,0,0,0,0,0,0,0,0,0,0,0,0,0,0,0,0,0,0,0,0,0,0,0,0,0,0,0,0,0,0,0,0,0,0,0,0,0,0,0
TE50299,A69,0,0,0,0,0,0,0,0,0,0,0,0,0,0,0,0,0,0,0,0,0,0,0,0,0,0,0,0,0,0,0,0,0,0,0,0,0,0,0,0,0,0,0,0,0,0,0,0,0,0,0,0,0,0,0,0,0,0,0,0,0,0,0,0,0,0
TE50300,A44,0,0,0,0,0,0,0,0,0,0,0,0,0,0,0,0,0,0,0,0,0,0,0,0,0,0,0,0,0,0,0,0,0,0,0,0,0,0,0,0,0,0,0,0,0,0,0,0,0,0,0,0,0,0,0,0,0,0,0,0,0,0,0,0,0,0
TE50301,A35,0,0,0,0,0,0,0,0,0,0,0,0,0,0,0,0,0,0,0,0,0,0,0,0,0,0,0,0,0,0,0,0,0,0,0,0,0,0,0,0,0,0,0,0,0,0,0,0,0,0,0,0,0,0,0,0,0,0,0,0,0,0,0,0,0,0
TE50302,A35,0,0,0,0,0,0,0,0,0,0,0,0,0,0,0,1728,0,0,0,0,0,0,0,0,0,0,0,0,0,0,0,0,0,0,0,0,0,0,0,0,0,0,0,0,0,0,0,0,0,0,0,0,0,0,0,0,0,0,0,0,0,0,0,0,0,0
TE50303,A6,0,0,0,0,0,0,0,0,0,0,0,0,0,0,0,0,0,0,0,0,0,0,0,0,0,0,0,0,0,0,0,0,0,0,0,0,0,0,0,0,0,0,0,0,0,0,0,0,0,0,0,0,0,0,0,0,0,0,0,0,0,0,0,0,0,200
TE50304,A43,0,0,0,0,0,0,0,0,0,0,0,0,0,0,0,0,0,0,0,0,0,0,0,0,0,0,0,0,0,0,0,0,0,0,0,0,0,0,0,0,0,0,0,0,0,0,0,0,0,0,0,0,0,0,0,0,0,0,0,0,0,0,0,0,0,0
TE50305,A4,0,0,0,0,0,0,0,0,0,0,0,0,0,0,0,0,0,0,0,0,0,0,0,0,0,0,0,0,0,0,0,0,0,0,0,0,0,0,0,0,0,0,0,0,0,0,0,0,0,0,0,0,0,0,0,0,0,0,0,0,0,0,0,0,0,0
TE50306,A43,0,0,0,0,0,0,0,0,0,0,0,0,0,0,0,0,0,0,0,0,0,0,0,0,0,0,0,0,0,0,0,0,0,0,0,0,0,0,0,0,0,0,0,0,0,0,0,0,0,0,0,0,0,0,0,0,0,0,0,0,0,0,0,0,0,0
TE50307,A4,0,0,0,0,0,0,0,0,0,0,0,0,0,0,0,0,0,0,0,0,0,0,0,0,0,0,0,0,0,0,0,0,0,0,0,0,0,0,0,0,0,0,0,0,0,0,0,0,0,0,0,0,0,0,0,0,0,0,0,0,0,0,0,0,0,0
TE50308,A3,0,0,0,0,0,0,0,0,0,0,0,0,0,0,0,0,0,0,0,0,0,0,0,0,0,0,0,0,0,0,0,0,0,0,0,0,0,0,0,0,0,0,0,0,0,0,0,0,0,0,0,0,0,0,0,0,0,0,0,0,0,0,0,0,0,0
TE50309,A46,0,0,0,0,0,0,0,0,0,0,0,0,0,0,0,0,0,0,0,0,0,0,0,0,0,0,0,0,0,0,0,0,0,600,0,0,0,0,0,0,0,0,0,0,0,0,0,0,0,0,0,0,0,0,0,0,0,0,0,0,0,0,0,0,0,0
TE50310,A11,0,0,0,0,0,0,0,0,0,0,0,0,0,0,0,0,0,0,0,0,0,0,0,0,0,0,0,0,0,0,0,0,0,0,0,0,0,0,0,0,0,0,0,0,0,0,0,0,0,0,0,0,0,0,0,0,0,0,0,0,0,0,0,0,0,0
TE50311,A63,0,0,0,0,0,0,0,0,0,0,0,0,0,0,0,0,0,0,0,0,0,0,0,0,0,0,0,0,0,0,0,0,0,0,0,0,0,0,0,0,0,0,0,0,0,0,0,0,0,0,0,0,0,0,0,0,0,0,0,0,0,0,0,0,0,0
TE50312,A6,0,0,0,0,0,0,0,25,75,0,0,0,0,0,0,0,0,0,0,0,0,0,0,0,0,0,0,0,0,0,0,115,0,0,0,0,0,0,0,0,0,0,0,0,0,0,0,0,0,0,0,0,0,0,0,0,0,0,0,0,0,0,0,0,0,0
TE50313,A65,0,0,0,0,0,0,0,0,0,0,0,0,0,0,0,0,0,0,0,0,0,0,0,0,0,0,0,0,0,0,0,0,0,0,0,0,0,0,0,0,0,0,0,0,0,0,0,0,0,0,0,0,0,0,0,0,0,0,0,0,0,0,0,0,0,0
TE50314,A3,0,0,0,0,0,0,0,0,0,0,0,0,0,0,0,0,0,0,0,0,0,0,0,0,0,0,0,0,0,0,0,0,0,0,0,0,0,0,0,0,0,0,0,0,0,0,0,0,0,0,0,0,0,0,0,0,0,0,0,0,0,0,0,0,0,0
TE50315,A9,0,0,0,0,0,0,0,0,0,0,0,0,0,0,0,0,0,0,0,0,0,0,0,0,0,0,0,0,0,0,0,0,0,0,0,0,0,0,0,0,0,0,0,0,0,0,0,0,0,0,0,0,0,0,0,0,0,0,600,600,0,0,0,1800,3600,0
TE50316,#N/A,0,0,0,0,0,0,0,0,0,0,0,0,0,0,0,0,0,0,0,0,0,0,0,0,0,0,0,0,0,0,0,0,0,0,0,0,0,0,0,0,0,0,0,0,0,0,0,0,0,0,0,0,0,0,0,0,0,0,0,0,0,0,0,0,0,0
TE50317,A35,0,0,0,0,0,0,0,0,0,0,0,0,0,0,0,0,0,0,0,0,0,0,0,0,0,0,0,0,0,0,0,0,0,0,0,0,0,0,0,0,0,0,0,0,0,0,0,0,0,0,0,0,0,0,0,0,0,0,0,0,0,0,0,0,0,0
TE50318,A65,0,0,0,0,0,0,0,0,0,0,0,0,0,0,0,0,0,0,0,0,0,0,0,0,0,0,0,0,0,0,0,0,0,0,0,0,0,0,0,0,0,0,0,0,0,0,0,0,0,0,0,0,0,0,0,0,0,0,0,0,0,0,0,0,0,0
TE50319,A11,960,150,2620,900,3200,0,0,1120,1600,320,1280,1440,1280,0,1280,800,5440,800,0,0,0,0,640,960,1760,640,0,3200,0,2240,640,1440,0,0,0,0,0,800,0,0,0,0,0,0,0,0,0,0,0,0,0,0,0,0,0,0,0,0,0,0,0,0,0,0,0,0
TE50320,A6,0,0,0,0,0,0,0,0,0,0,0,0,0,0,0,0,0,0,0,0,0,0,0,0,0,0,0,0,0,0,0,0,0,0,0,0,0,0,0,0,0,0,0,0,0,0,0,0,0,0,0,0,0,0,0,0,0,0,0,0,0,0,0,0,0,0
TE50321,A6,0,0,0,0,0,0,0,0,0,0,0,0,0,0,0,0,0,0,0,0,0,0,0,0,0,0,0,0,0,0,0,0,0,0,0,0,0,0,0,0,0,0,0,0,0,0,0,0,0,0,0,0,0,0,0,0,0,0,0,0,0,0,0,0,0,0
TE50322,A6,0,0,0,0,0,0,0,0,0,0,0,0,0,0,0,0,0,0,0,0,0,0,0,0,0,0,0,0,0,0,0,0,0,0,0,0,0,0,0,0,0,0,0,0,0,0,0,0,0,0,0,0,0,0,0,0,0,0,0,0,0,0,0,0,0,0
TE50323,A4,0,0,60,0,0,0,0,0,0,0,0,0,0,0,0,0,0,0,0,0,0,0,0,0,0,0,0,0,0,0,0,0,0,0,0,0,0,0,0,0,0,0,0,0,0,0,0,0,0,200,0,0,0,0,0,0,30,0,0,0,0,0,0,0,0,0
TE50324,A4,0,0,0,0,0,0,0,0,0,0,0,0,0,0,0,0,0,0,0,0,0,0,0,0,0,0,0,0,0,0,0,0,0,0,0,0,0,0,0,0,0,0,0,0,0,0,0,0,0,0,0,0,0,0,0,0,0,0,0,0,0,0,0,0,0,0
TE50325,A6,0,0,0,0,0,0,0,0,0,0,0,100,0,0,0,0,0,0,0,0,0,0,0,0,0,0,0,0,0,0,0,0,0,0,0,0,0,0,0,0,0,0,0,0,0,0,0,0,0,0,0,0,0,0,0,0,0,0,0,0,0,0,0,0,0,0
TE50326,A38,0,0,0,0,0,0,0,0,0,0,0,0,0,0,0,0,0,0,0,0,0,0,0,0,0,0,0,0,0,0,0,0,0,0,0,0,0,0,0,0,0,0,0,0,0,0,0,0,0,0,0,0,0,0,0,0,0,0,0,0,0,0,0,0,0,0
TE50327,A6,0,0,0,0,0,0,0,0,0,0,0,0,0,0,0,0,0,0,0,0,0,0,0,0,0,0,0,0,0,0,100,300,0,0,0,0,0,0,0,0,0,0,0,0,0,0,0,0,0,0,0,0,0,0,0,0,0,0,0,0,0,0,0,0,0,0
TE50328,A1,0,0,0,0,0,0,900,1800,0,2250,0,2700,1800,0,2700,0,5400,0,0,0,0,900,0,0,0,0,0,0,0,0,450,900,1350,0,0,1800,1800,0,0,2250,1350,3150,0,0,0,0,0,0,0,0,0,0,900,0,450,0,0,1800,0,1800,1800,1800,0,0,1350,900
TE50329,A11,0,0,0,0,0,0,0,0,0,0,0,1000,0,0,0,0,0,0,0,0,0,0,0,0,0,0,0,0,0,0,0,0,0,0,0,0,0,0,0,0,0,0,0,0,0,0,0,0,0,0,0,0,0,0,0,0,0,0,0,0,0,0,0,0,0,0
TE50330,A11,0,500,0,0,500,1000,0,1000,500,0,1000,500,1000,500,500,500,1500,500,0,1000,500,2000,0,1000,0,500,500,0,500,0,500,500,0,0,0,0,0,0,0,0,0,0,0,0,0,0,0,0,0,0,0,0,0,0,0,0,0,0,0,0,0,0,0,0,0,0
TE50331,A6,0,0,0,0,0,0,0,0,0,0,0,0,0,0,0,0,0,0,0,0,0,0,0,0,0,0,0,0,0,0,0,0,0,0,0,0,0,0,0,0,0,0,0,0,0,0,0,0,0,0,0,0,0,0,0,0,0,0,0,0,0,0,0,0,0,0
TE50332,A9,0,0,0,0,0,0,0,0,0,0,0,0,0,0,0,0,0,0,0,0,0,0,0,0,0,0,0,0,0,0,0,0,0,0,0,0,0,0,600,0,0,0,0,0,0,0,0,0,0,0,0,0,0,0,0,0,0,0,0,0,0,0,0,0,0,0
TE50333,A11,0,2000,0,0,0,0,0,0,0,0,0,0,0,0,0,0,0,0,0,0,0,0,0,0,0,0,0,0,0,0,0,0,0,0,0,0,0,0,0,0,0,0,0,0,0,0,0,0,0,0,0,0,0,0,0,0,0,0,0,0,0,0,0,0,0,0
TE50334,A54,0,0,0,0,64,0,0,64,0,0,246,0,0,0,0,0,0,0,0,0,0,0,0,0,0,0,0,0,0,0,0,0,0,0,0,0,0,0,0,0,0,0,0,0,0,0,0,0,0,0,0,0,0,0,0,0,0,0,0,0,0,0,0,0,0,0
TE50335,A35,0,0,0,2500,1000,1000,0,7000,7000,1000,7500,16000,0,0,0,7500,0,1000,1500,0,2500,4500,1000,7000,13000,7000,0,0,6000,0,0,0,0,4500,4500,0,0,7500,0,7500,3000,0,0,3000,0,8000,3000,0,0,0,0,9000,0,0,1000,500,0,0,955,32000,0,21000,15000,18000,16000,10500
TE50336,A74,0,0,0,0,0,0,0,0,0,0,0,0,0,0,0,0,0,0,0,0,0,0,0,0,0,0,0,0,0,0,0,0,0,0,0,0,1200,0,0,0,0,0,0,0,0,0,0,0,0,0,0,0,0,800,800,400,0,2000,0,2000,0,0,1600,2800,0,3600
TE50337,A11,0,1000,0,0,0,0,0,0,0,0,0,0,0,0,0,1000,0,1000,0,0,0,0,1000,0,0,0,0,0,0,0,0,0,0,0,0,0,0,0,0,0,0,0,0,0,0,0,0,0,0,0,0,0,0,0,0,0,0,0,0,0,0,0,0,0,0,0
TE50338,A11,0,0,0,0,0,0,0,0,0,0,0,0,0,0,0,0,0,0,0,0,0,0,0,0,0,0,0,0,0,0,0,0,0,0,0,0,0,0,0,0,0,0,0,0,0,0,0,0,0,0,0,0,0,0,0,0,0,0,0,0,0,0,0,0,0,0
TE50339,A43,0,0,6000,0,0,0,0,0,0,3000,0,0,0,0,0,0,0,0,0,0,0,0,0,0,0,0,0,0,3000,0,0,0,0,0,0,0,0,0,0,0,0,0,0,6000,0,0,0,0,1100,0,0,0,0,0,0,0,0,0,0,0,0,0,0,0,0,0
TE50340,A40,0,0,0,0,0,0,0,0,0,0,0,0,0,0,0,0,0,0,0,0,0,0,0,0,0,0,0,0,0,0,0,0,0,0,0,0,0,0,0,0,0,0,0,0,0,0,0,0,0,0,0,0,0,0,0,0,0,0,0,0,0,0,0,0,840,0
TE50341,A67,0,0,0,0,0,0,0,0,0,0,0,0,0,0,0,0,0,0,0,0,0,0,0,0,0,0,0,0,2000,0,0,0,0,0,0,0,0,0,0,0,0,0,0,0,0,0,0,0,0,0,0,0,1000,0,0,0,0,0,0,0,0,0,1000,0,0,0
TE50342,A67,0,0,0,0,0,0,0,0,0,0,0,0,0,0,0,0,0,0,0,0,0,0,0,0,0,0,0,2000,0,0,0,0,0,0,0,0,0,0,0,0,0,0,0,0,0,0,0,0,0,0,0,0,1000,0,0,0,0,0,0,0,0,0,1000,0,0,0
TE50343,A66,0,0,0,0,0,0,0,0,0,0,480,0,0,0,0,0,0,0,0,0,0,0,0,0,0,0,0,0,0,480,0,0,0,0,0,0,0,0,0,0,0,0,0,0,0,0,0,0,0,0,0,0,480,0,480,0,0,480,0,0,0,0,480,0,0,0
TE50344,A66,0,0,0,0,0,0,0,0,0,0,0,0,0,0,0,0,0,0,0,0,0,0,0,0,0,0,0,0,0,0,0,0,0,0,0,0,0,0,0,0,0,0,0,0,0,0,0,0,0,0,0,0,0,0,0,0,0,0,0,0,0,0,0,0,0,0
TE50345,A38,0,0,0,1000,12000,0,0,0,2000,0,10000,0,2000,0,0,2000,0,0,0,0,0,0,0,0,0,0,0,0,0,0,0,0,0,0,0,0,0,0,0,0,0,0,0,0,0,0,0,0,0,2000,0,0,0,0,0,0,0,0,0,0,0,0,1000,4000,0,0
TE50346,A40,0,0,0,0,0,0,0,0,0,0,0,0,0,0,0,0,0,0,0,0,0,0,0,0,0,0,0,0,0,0,0,0,0,0,0,0,0,0,0,0,0,0,0,0,0,0,0,0,0,0,0,0,0,0,0,0,0,0,0,0,0,0,0,0,0,0
TE50347,A4,0,0,0,0,0,0,0,0,0,0,0,0,0,0,0,0,0,0,0,0,0,0,0,0,0,0,0,0,0,0,0,0,0,0,0,0,0,0,0,0,0,0,0,0,0,0,0,0,0,0,0,0,0,0,0,0,0,0,1000,0,0,0,0,0,0,0
TE50348,A43,0,4000,0,0,0,0,4000,0,8000,0,0,0,0,0,0,0,0,0,0,4000,0,0,0,0,0,0,0,0,0,0,0,4000,0,12000,0,0,0,0,0,0,0,0,0,4000,0,0,0,0,0,8000,0,0,0,0,0,0,0,0,0,0,0,0,0,0,0,0
TE50349,A11,0,0,0,0,0,0,0,0,0,0,10500,0,0,0,0,0,0,0,0,0,0,0,0,0,0,10500,0,0,0,0,0,0,0,0,0,0,0,0,0,0,10500,0,0,0,0,0,0,0,0,0,0,0,0,10500,0,0,0,0,0,0,0,0,0,0,0,0
TE50350,A66,0,0,0,0,0,0,0,0,0,0,0,0,0,0,0,0,0,0,0,0,0,0,0,0,0,0,0,0,0,0,0,0,0,0,0,0,0,0,0,0,0,0,0,0,0,0,0,0,0,0,0,0,0,0,0,0,0,0,0,0,0,0,0,0,0,0
TE50351,A43,0,0,0,0,0,0,0,0,0,0,0,0,0,0,0,0,0,0,0,0,0,0,0,0,0,0,0,0,0,0,0,0,0,0,0,0,0,0,0,0,0,0,0,0,0,0,0,0,0,0,0,0,0,0,0,0,0,0,0,0,0,0,0,0,0,0
TE50352,A4,0,0,0,0,0,0,0,0,0,0,0,0,0,0,0,0,0,0,0,0,0,0,0,0,0,0,0,0,0,0,0,0,0,0,0,0,0,0,0,0,0,0,0,0,0,0,0,0,0,0,0,0,0,0,0,0,0,0,0,0,0,0,0,0,0,0
TE50353,A43,0,0,0,0,0,0,0,0,0,0,0,0,0,0,0,0,0,0,0,0,0,0,0,0,0,0,0,0,0,0,0,0,0,0,0,0,0,0,0,0,0,0,0,0,0,0,0,0,0,0,0,0,0,0,0,0,0,0,0,0,0,0,0,0,0,0
