weeks,TE50011,TE50012,TE50013,TE50014,TE50015,TE50016,TE50017,TE50018,TE50019,TE50020,TE50021,TE50022,TE50023,TE50024,TE50025,TE50026,TE50027,TE50028,TE50029,TE50030,TE50031,TE50032,TE50033,TE50034,TE50035,TE50036,TE50037,TE50038,TE50039,TE50040,TE50041,TE50042,TE50043,TE50044,TE50045,TE50046,TE50047,TE50048,TE50049,TE50050,TE50051,TE50052,TE50053,TE50054,TE50055,TE50056,TE50057,TE50058,TE50059,TE50060,TE50061,TE50062,TE50063,TE50064,TE50065,TE50066,TE50067,TE50068,TE50069,TE50070,TE50071,TE50072,TE50073,TE50074,TE50075,TE50076,TE50077,TE50078,TE50079,TE50080,TE50081,TE50082,TE50083,TE50084,TE50085,TE50086,TE50087,TE50088,TE50089,TE50090,TE50091,TE50092,TE50093,TE50094,TE50095,TE50096,TE50097,TE50098,TE50099,TE50100,TE50101,TE50102,TE50103,TE50104,TE50105,TE50106,TE50107,TE50108,TE50109,TE50110,TE50111,TE50112,TE50113,TE50114,TE50115,TE50116,TE50117,TE50118,TE50119,TE50120,TE50121,TE50122,TE50123,TE50124,TE50125,TE50126,TE50127,TE50128,TE50129,TE50130,TE50131,TE50132,TE50133,TE50134,TE50135,TE50136,TE50137,TE50138,TE50139,TE50140,TE50141,TE50142,TE50143,TE50144,TE50145,TE50146,TE50147,TE50148,TE50149,TE50150,TE50151,TE50152,TE50153,TE50154,TE50155,TE50156,TE50157,TE50158,TE50159,TE50160,TE50161,TE50162,TE50163,TE50164,TE50165,TE50166,TE50167,TE50168,TE50169,TE50170,TE50171,TE50172,TE50173,TE50174,TE50175,TE50176,TE50177,TE50178,TE50179,TE50180,TE50181,TE50182,TE50183,TE50184,TE50185,TE50186,TE50187,TE50188,TE50189,TE50190,TE50191,TE50192,TE50193,TE50194,TE50195,TE50196,TE50197,TE50198,TE50199,TE50200,TE50201,TE50202,TE50203,TE50204,TE50205,TE50206,TE50207,TE50208,TE50209,TE50210,TE50211,TE50212,TE50213,TE50214,TE50215,TE50216,TE50217,TE50218,TE50219,TE50220,TE50221,TE50222,TE50223,TE50224,TE50225,TE50226,TE50227,TE50228,TE50229,TE50230,TE50231,TE50232,TE50233,TE50234,TE50235,TE50236,TE50237,TE50238,TE50239,TE50240,TE50241,TE50242,TE50243,TE50244,TE50245,TE50246,TE50247,TE50248,TE50249,TE50250,TE50251,TE50252,TE50253,TE50254,TE50255,TE50256,TE50257,TE50258,TE50259,TE50260,TE50261,TE50262,TE50263,TE50264,TE50265,TE50266,TE50267,TE50268,TE50269,TE50270,TE50271,TE50272,TE50273,TE50274,TE50275,TE50276,TE50277,TE50278,TE50279,TE50280,TE50281,TE50282,TE50283,TE50284,TE50285,TE50286,TE50287,TE50288,TE50289,TE50290,TE50291,TE50292,TE50293,TE50294,TE50295,TE50296,TE50297,TE50298,TE50299,TE50300,TE50301,TE50302,TE50303,TE50304,TE50305,TE50306,TE50307,TE50308,TE50309,TE50310,TE50311,TE50312,TE50313,TE50314,TE50315,TE50316,TE50317,TE50318,TE50319,TE50320,TE50321,TE50322,TE50323,TE50324,TE50325,TE50326,TE50327,TE50328,TE50329,TE50330,TE50331,TE50332,TE50333,TE50334,TE50335,TE50336,TE50337,TE50338,TE50339,TE50340,TE50341,TE50342,TE50343,TE50344,TE50345,TE50346,TE50347,TE50348,TE50349,TE50350,TE50351,TE50352,TE50353
1,20160,59400,0,0,770,0,216,3024,575000,14400,524,0,0,1200,3000,0,0,2910,1476,8000,0,0,0,500,0,0,7200,0,512,552,720,4800,0,528,0,1100,3500,68400,10500,168,0,68400,18900,18000,0,4500,84000,4200,84000,2000,3552,240,2800,0,0,1000,4140,68400,23040,8000,0,0,0,0,0,1056,0,2500,0,672,0,0,180,0,0,0,0,3800,1600,1200,0,0,0,0,1440,0,0,0,0,4250,21000,0,600,0,0,0,450,1560,74000,0,0,0,0,0,0,0,66000,0,4500,600,2400,3024,0,32200,0,0,0,0,0,0,1512,0,4500,0,0,0,0,3500,1000,36000,0,3000,0,0,18000,0,0,800,9750,4500,0,960,0,9216,1200,0,800,11400,0,0,800,0,0,225,0,30000,0,0,0,0,0,2000,0,0,400,0,4320,3612,0,0,50000,640,22000,0,25000,0,36,0,231000,0,200,0,0,48000,0,100,1500,6000,6000,3000,0,200000,16000,0,0,3800,0,0,0,0,0,0,0,0,35000,294,3000,900,1000,0,0,36000,0,0,12000,0,480,0,420,0,0,21000,0,0,0,0,0,0,0,0,0,4000,0,0,0,0,0,0,0,0,0,0,0,0,0,0,0,0,0,0,0,0,0,0,0,0,2250,0,0,0,0,0,0,0,0,0,0,0,0,0,0,0,0,0,0,0,0,0,0,0,0,0,0,0,0,0,0,0,0,0,0,0,0,0,0,0,0,0,0,0,0,0,0,0,0,0,0,0,960,0,0,0,0,0,0,0,0,0,0,0,0,0,0,0,0,0,0,0,0,0,0,0,0,0,0,0,0,0,0,0,0,0,0
2,20580,83700,3240,0,350,0,0,0,205000,51600,260,0,0,0,29500,6300,0,2520,738,5000,2376,0,5328,380,10500,0,13600,186,5632,0,10320,22200,0,1248,9960,5720,1000,28800,6000,144,4160,28800,11700,0,0,9750,25500,0,25500,8000,1392,1440,12600,0,5720,0,4500,28800,14400,3523,0,0,0,0,0,0,9600,5000,0,2352,0,52000,540,0,1500,0,0,4600,1600,3000,2250,0,0,0,8100,0,0,0,0,4000,0,6000,1200,0,0,12,450,960,58000,0,0,0,0,3000,66300,0,45000,16800,0,1800,3000,16128,0,16800,7350,46000,4704,0,300000,0,456,0,16200,2700,0,400,0,8500,0,21000,1248,1200,0,0,12000,0,2000,1700,0,30000,1024,0,4000,9024,0,0,7200,7600,24000,3900,5300,0,0,600,0,30000,0,0,0,0,0,6880,0,1360,2400,2000,3120,5992,0,0,200000,500,50000,0,10000,0,0,0,112000,0,0,0,0,0,0,100,2250,0,0,0,0,0,0,0,4000,3800,3600,0,0,0,0,0,0,0,10000,0,2856,900,0,0,0,0,5000,0,0,0,960,0,0,500,0,0,0,0,0,0,0,0,0,0,1000,0,0,0,0,0,0,0,1056,3000,3000,0,0,0,0,0,0,0,0,0,0,0,0,0,0,0,0,0,0,0,0,0,0,0,0,0,0,0,0,0,0,0,0,0,0,0,0,0,0,0,0,0,0,0,0,0,0,0,0,0,0,0,0,0,0,0,0,0,0,0,0,0,0,0,0,0,0,0,150,0,0,0,0,0,0,0,0,0,0,500,0,0,2000,0,0,0,1000,0,0,0,0,0,0,0,0,0,0,4000,0,0,0,0,0
3,12180,118800,144,0,490,0,0,0,0,48000,1492,0,6000,800,2000,0,0,4950,0,46000,0,0,0,0,0,0,3200,122,3584,144,320,0,0,2256,2640,4180,0,86400,10500,72,0,86400,17100,0,0,1500,0,0,0,10000,0,960,8400,0,4840,2000,6480,86400,8064,4000,0,0,1008,0,800,960,1600,0,20000,1488,11000,14000,0,0,10000,0,10800,4700,0,1800,0,0,0,256,7740,0,0,0,0,4000,14250,3500,2400,0,0,56,450,1710,12000,0,0,0,0,0,33300,0,22500,0,16000,1800,10800,21672,0,81200,546,0,9072,7056,100000,0,3432,26000,1800,3150,0,0,360,4500,0,7800,0,6000,8000,0,52000,0,1000,10700,8250,60000,9216,0,6000,12096,0,24000,3200,20900,0,900,4600,0,0,450,0,0,0,0,0,9600,3000,480,0,0,2800,2000,480,7588,0,0,0,1665,10000,0,0,0,0,500,336000,0,200,0,224,0,0,0,2250,6000,6000,0,0,90000,0,0,4000,0,1200,0,0,0,0,0,0,0,15000,0,0,0,3000,0,0,0,0,315,0,0,0,0,840,0,0,10500,3000,0,3000,0,3000,0,0,0,0,0,0,0,0,0,0,275,2208,18000,18000,0,0,0,0,0,0,0,0,0,0,0,0,0,0,0,0,0,0,0,0,0,0,0,0,0,0,0,0,0,0,0,0,0,0,0,0,0,0,0,0,0,0,0,0,0,0,0,0,0,0,0,0,0,0,0,0,0,0,0,0,0,0,0,0,0,0,0,2620,0,0,0,60,0,0,0,0,0,0,0,0,0,0,0,0,0,0,0,6000,0,0,0,0,0,0,0,0,0,0,0,0,0,0
4,35280,135000,2040,1590,560,754,1247,4032,300000,13200,1636,0,0,400,8000,4320,0,4020,0,10000,2544,0,3456,1120,4500,0,4800,223,512,816,1600,12600,0,2544,8400,440,0,72000,4500,624,3320,57600,30600,0,0,0,0,1200,0,0,0,7680,7000,0,440,5000,5040,79200,32256,6000,0,9000,0,6600,2000,0,800,0,0,3600,3500,60000,1170,0,22500,4800,0,6200,0,0,0,0,0,1120,12600,0,47,0,0,2000,17250,3000,3000,0,0,144,450,3180,64000,480,0,0,0,3000,178100,0,145500,1200,0,2400,0,5040,0,207200,798,0,8736,26208,0,0,2856,48000,46800,450,168,50,960,4500,0,9600,96,600,1600,0,24000,0,2480,1900,50250,18000,0,4800,4500,21696,1513,6000,26400,0,0,3100,13700,16000,0,1125,0,0,1200,103200,1000,7200,1500,1040,0,0,4400,4000,5280,4928,0,0,340000,2115,79000,0,24000,0,0,500,238000,0,0,0,0,48000,900,0,1500,0,0,7500,0,310000,0,0,4000,0,3600,0,1000,0,0,0,0,0,20000,0,4200,7200,1000,0,0,0,3000,0,0,800,0,4000,0,0,12000,0,0,0,0,0,0,0,0,0,500,0,0,0,0,0,0,0,2112,48000,48000,0,0,0,0,0,0,0,0,0,0,0,0,0,0,0,0,0,0,0,0,0,0,0,12000,0,0,0,0,0,3000,0,0,0,0,0,0,0,0,0,0,0,0,0,0,0,0,0,0,0,0,0,0,0,0,0,0,0,0,0,0,0,0,0,0,0,0,0,900,0,0,0,0,0,0,0,0,0,0,0,0,0,0,0,2500,0,0,0,0,0,0,0,0,0,1000,0,0,0,0,0,0,0,0
5,31360,27000,3312,400,1050,0,0,10080,0,67200,96,0,4200,256,11000,3960,0,1560,246,49000,0,0,0,0,1500,0,800,0,2048,120,640,0,0,1728,12000,2420,4000,54000,6000,696,0,54000,0,12000,0,750,0,600,0,6000,0,0,7000,0,2640,3000,3420,54000,3456,2000,3000,3000,0,0,0,0,800,0,0,3360,2500,8000,2880,0,0,14000,0,4800,16000,600,0,2940,0,192,11340,0,0,8000,0,2000,0,2500,1200,0,0,0,0,750,0,0,0,0,0,0,6400,0,12000,1200,6000,0,1200,2016,0,77000,714,54000,8064,0,0,1800,2496,30000,11700,4050,0,800,240,3000,1000,0,0,1800,10400,0,20000,0,800,2600,9750,15000,2048,480,2500,5760,0,0,5600,0,0,700,5400,0,0,450,0,12000,2400,0,0,0,1500,240,1800,960,0,2000,1200,5180,0,0,420000,730,2000,0,0,0,0,0,434000,0,0,0,0,0,0,0,1500,0,0,0,0,0,0,0,2000,3800,0,0,0,0,0,0,20,0,30000,0,0,900,1000,0,0,0,0,0,0,0,0,0,0,0,0,0,6000,0,0,12000,0,0,3000,0,2000,0,0,0,0,0,0,0,4224,21000,21000,0,0,0,0,0,0,0,0,0,0,0,0,0,0,0,0,0,0,0,0,0,0,0,0,0,0,0,0,0,0,0,0,0,0,0,0,0,0,0,0,0,0,0,0,0,0,0,0,0,0,0,0,0,0,0,0,0,0,0,0,0,0,0,0,0,0,0,3200,0,0,0,0,0,0,0,0,0,0,500,0,0,0,64,1000,0,0,0,0,0,0,0,0,0,12000,0,0,0,0,0,0,0,0
6,7840,2700,792,0,0,480,0,0,0,3600,1236,0,0,0,10000,0,0,2520,3690,0,0,0,0,0,0,0,1600,84,1536,528,80,0,0,1824,0,3740,2500,0,0,0,0,0,21600,0,0,0,0,1200,0,0,288,1920,8400,0,0,0,0,0,0,14000,0,0,0,0,2400,0,800,0,10000,1728,1000,0,0,0,0,0,0,0,1600,600,0,0,1400,704,6120,0,66,0,0,2000,0,2000,0,0,0,48,0,690,0,0,0,0,0,0,48100,0,63000,2400,0,0,0,0,0,0,882,4000,5040,0,0,0,1704,0,1800,0,288,0,696,3000,1000,600,0,2400,0,0,18000,12500,0,8200,0,0,0,0,1000,1344,600,0,0,15200,0,1500,2200,0,0,525,0,0,0,0,0,0,1500,720,0,1680,0,4000,4560,4732,0,0,0,1145,0,0,0,0,0,0,91000,0,0,0,0,0,0,0,2250,0,0,0,12000,0,0,0,6000,0,2400,0,0,0,0,0,0,0,0,252,0,0,0,0,0,12000,0,0,4000,0,0,0,0,1500,0,0,0,0,0,0,0,0,0,0,0,6000,0,0,0,0,0,0,1056,24000,24000,0,0,0,0,0,0,0,0,0,0,0,0,0,0,0,0,0,0,0,0,0,0,0,0,0,0,0,0,0,0,0,0,0,0,0,0,0,0,0,0,0,0,0,0,0,0,0,0,0,0,0,0,0,0,0,0,0,0,0,0,0,0,0,0,0,0,0,0,0,0,0,0,0,0,0,0,0,0,1000,0,0,0,0,1000,0,0,0,0,0,0,0,0,0,0,0,0,0,0,0,0,0,0
7,17780,164700,1680,110,210,0,0,2016,0,32400,1088,3000,2400,960,1000,3060,0,1560,0,12000,2832,0,0,1200,0,0,2400,0,2560,0,720,15000,0,1488,15480,1540,1000,14400,0,432,0,14400,0,0,0,3000,6000,5400,6000,2000,960,0,23800,0,0,2000,1080,14400,13248,4000,0,3000,0,16800,0,0,800,2500,0,1488,5500,26000,495,0,0,0,0,600,3200,0,0,0,1400,0,5040,0,0,0,0,4000,14250,4000,600,0,0,72,0,960,0,0,10080,0,0,0,5200,0,58500,0,500,0,0,19152,0,2800,0,0,13776,9072,0,0,3384,54000,14400,0,0,400,0,8000,0,18600,0,0,8800,0,18000,0,3520,3400,9750,16500,5120,3120,2000,15936,900,0,2400,7600,8000,0,0,0,0,525,0,0,0,0,0,0,1500,0,0,0,800,0,1680,5740,0,0,120000,755,34000,0,0,0,0,3000,259000,0,0,0,0,48000,0,0,0,0,0,3000,0,100000,0,0,6000,0,1200,0,0,0,0,1800,0,0,45000,0,0,0,1000,0,0,0,0,0,0,0,0,11000,0,0,0,21000,0,0,6000,0,0,0,0,0,0,6000,0,0,0,0,0,0,2448,63000,63000,0,0,0,0,0,0,0,0,0,0,0,0,0,0,0,0,0,0,0,0,0,0,0,0,0,0,0,0,0,0,0,0,0,0,0,0,0,0,0,0,0,0,0,0,0,0,0,0,0,0,0,0,0,0,0,0,0,0,0,0,0,0,0,0,0,0,0,0,0,0,0,0,0,0,0,0,900,0,0,0,0,0,0,0,0,0,0,0,0,0,0,0,0,0,0,0,4000,0,0,0,0,0
8,37100,210600,1224,1030,350,133,54,0,0,14400,748,1800,2400,896,12500,1080,0,1660,123,38000,0,3168,23616,1300,25500,0,11200,0,512,528,2240,0,0,2496,0,1100,500,36000,25500,48,0,21600,21600,12000,8000,10500,39000,0,39000,14000,2784,2400,2800,0,4840,4000,7020,36000,42048,4000,4000,9000,0,0,3200,0,15200,5000,30000,2784,3500,62000,945,0,14000,4000,0,900,3200,4200,0,0,0,832,6840,0,0,4000,0,2000,12000,4500,1800,0,0,0,0,870,42000,0,0,0,0,0,71500,0,19500,1200,10000,1800,1200,0,0,29400,2226,0,17136,7560,100000,10800,1656,48000,23400,900,477,0,1008,6000,4000,7200,0,9600,0,0,32000,0,0,1100,45000,15000,0,2160,5000,0,1500,39600,31200,36100,8000,1900,7500,26000,0,225,0,12000,3600,4800,0,26400,0,1120,900,1120,5200,0,11520,5824,0,0,510000,0,60000,0,34000,37800,36,1500,392000,0,800,0,0,6000,0,50,1500,2000,2000,6000,8000,250000,16000,0,2000,0,1200,0,0,0,992,450,0,0,5000,0,0,1200,1000,1600,1600,33000,0,315,0,0,960,0,210,5000,0,10500,3000,0,6000,0,0,1000,6000,0,500,6000,0,0,0,0,0,36,1728,0,0,0,0,0,0,0,0,0,0,0,0,0,0,0,0,0,0,0,0,0,0,0,0,0,0,0,0,0,0,0,0,0,0,0,0,0,0,0,0,0,0,0,0,0,0,0,0,0,0,0,0,0,0,0,0,0,0,0,0,0,0,25,0,0,0,0,0,0,1120,0,0,0,0,0,0,0,0,1800,0,1000,0,0,0,64,7000,0,0,0,0,0,0,0,0,0,0,0,0,0,0,0,0,0,0
9,23520,62100,3312,1000,140,0,0,5544,0,49200,1044,600,2400,1792,35000,4860,0,5620,0,27000,2160,0,0,1060,4500,0,12000,270,6144,240,960,46200,0,1920,2760,660,2000,100800,4500,384,1860,144000,19800,0,1000,9000,36000,1200,36000,24000,2592,7680,15400,0,3080,1000,3060,144000,24768,8000,8000,16320,1584,7200,3600,0,800,5000,20000,3216,3500,0,45,0,14500,800,10800,6000,1600,1200,0,0,1400,736,10260,0,264,4000,0,4000,9750,8000,3600,0,0,96,0,870,8000,480,0,0,0,0,161200,1920,19500,2400,15000,2400,2400,48888,0,163800,1470,2000,20496,4032,200000,0,4224,6000,25200,0,0,340,480,4500,0,5400,96,7200,11200,0,64000,208000,6000,8700,8250,69000,6656,2400,8000,9984,0,0,24000,1900,8000,1100,7200,0,0,225,0,0,0,26400,0,0,4500,3760,0,800,2400,4000,5760,13384,0,0,120000,850,2000,0,16000,0,0,0,322000,0,0,0,0,18000,0,0,3750,1000,1000,3000,0,250000,0,0,6000,3800,2400,0,0,0,0,0,0,3000,13000,84,3840,2100,0,4000,4000,6000,0,0,0,0,0,0,0,0,12000,0,0,0,0,0,0,0,0,0,500,14000,0,0,500,0,0,0,5184,0,0,0,0,0,0,0,0,0,0,0,0,0,0,0,0,0,0,0,0,0,0,0,0,0,12000,0,0,0,0,0,0,0,0,0,0,0,0,0,0,0,0,0,0,0,0,0,0,0,0,0,0,0,0,0,0,0,0,0,0,0,0,75,0,0,0,0,0,0,1600,0,0,0,0,0,0,0,0,0,0,500,0,0,0,0,7000,0,0,0,0,0,0,0,0,0,2000,0,0,8000,0,0,0,0,0
10,12740,175500,2832,270,1260,0,0,20160,170000,20400,328,1800,6000,352,33000,6120,0,2520,1230,26000,0,0,0,0,13500,0,4000,0,1024,504,2560,0,0,1872,5640,0,6500,0,4500,336,0,0,0,0,3000,7500,15000,1200,15000,0,2544,1200,1400,0,0,4000,2880,0,38592,6000,3500,6000,0,18000,2000,0,4800,10000,0,4272,7000,38000,540,0,4000,14400,0,5200,3200,8400,0,0,0,160,5220,0,264,0,0,6000,10500,0,600,0,0,108,0,960,24000,0,0,0,0,0,22100,480,7500,10800,5000,0,1800,0,0,61600,252,2000,16464,0,50000,0,2616,0,17100,9900,0,400,504,6000,0,12600,288,2400,14400,0,34000,0,2000,4000,0,12000,1536,1680,1500,0,0,0,8800,1900,0,800,12700,0,10000,225,0,0,1200,0,0,0,4500,6560,900,1200,2400,2000,5040,8988,0,0,90000,325,44000,0,15000,24000,0,2500,168000,0,0,0,0,12000,0,0,750,0,0,0,12000,600000,0,0,2000,3800,6000,0,1000,0,0,4050,0,0,35000,168,0,600,2000,0,0,21000,1500,0,0,0,0,0,0,0,0,10500,0,0,0,0,0,0,0,0,500,12000,0,0,0,0,0,0,1968,27000,27000,0,0,0,0,0,0,0,0,0,0,0,0,0,0,0,0,0,0,0,0,0,0,0,0,0,0,0,0,0,0,0,0,0,0,0,0,0,0,0,0,0,0,0,0,0,0,0,0,0,0,0,0,0,0,0,0,0,0,0,0,0,0,0,0,0,0,0,320,0,0,0,0,0,0,0,0,2250,0,0,0,0,0,0,1000,0,0,0,3000,0,0,0,0,0,0,0,0,0,0,0,0,0,0
11,36260,137700,1392,1060,1610,432,0,5040,120000,45600,480,3000,6000,1440,40500,4500,0,1920,2091,26000,1344,0,5472,300,6000,0,13600,0,2560,384,2000,18000,0,2592,16560,1320,3000,50400,10500,744,1400,54000,0,6000,4000,15000,36000,3000,36000,24000,2352,2880,8400,48,1760,0,6660,0,21888,4000,13500,9360,3984,56400,4000,0,12800,24930,50000,2112,7500,0,2655,0,10000,10000,0,8300,1600,10800,0,3430,0,704,8100,0,0,8000,0,2000,3750,9000,11400,0,0,0,0,0,68000,0,0,0,0,3000,72800,2880,42000,10800,0,1200,0,25200,3000,0,2814,68000,672,4032,150000,4800,2472,58000,156600,450,480,560,624,3500,0,16200,976,14400,5600,0,36000,156000,5440,7500,0,48000,0,4080,9000,11712,1500,0,26400,26600,16000,900,4300,0,40000,0,0,18000,10800,52800,0,0,1500,5760,0,2320,1600,2000,2640,5292,0,0,70000,910,10000,0,6500,23400,72,1000,84000,0,0,0,0,36000,600,100,1500,0,0,7500,0,0,32000,0,660,1900,12000,0,0,0,0,0,0,0,0,0,2352,13500,0,0,0,0,2500,0,48000,800,0,0,210,0,0,10500,0,0,0,0,0,0,0,0,0,2000,0,0,0,0,0,0,3264,36000,36000,0,0,0,0,0,0,0,0,0,0,0,0,0,0,0,0,0,0,0,0,0,0,0,0,0,0,0,0,0,0,0,0,0,0,0,0,0,0,0,0,0,0,0,0,0,0,0,0,0,0,0,0,0,0,0,0,0,0,0,0,0,0,0,0,0,0,0,1280,0,0,0,0,0,0,0,0,0,0,1000,0,0,0,246,7500,0,0,0,0,0,0,0,480,0,10000,0,0,0,10500,0,0,0,0
12,33320,67500,2256,540,140,0,0,5040,20000,14400,0,0,24000,0,3500,4420,0,6000,369,8000,3408,6336,2304,0,12000,0,5600,0,5120,768,240,0,0,2736,960,5280,5000,0,7500,144,0,0,25200,12000,0,1500,45000,5400,45000,22000,3600,2640,9800,0,5720,2500,2160,0,17856,6000,1000,5040,768,0,0,0,6400,7500,0,1344,0,12000,450,0,10000,400,0,500,12800,0,0,0,1400,224,12620,0,0,24000,1000,2000,3750,4500,2400,0,0,16,0,2880,14000,0,0,0,0,3000,35100,5040,45000,6000,34500,1800,3000,9576,0,70000,588,0,1680,6552,100000,1800,5352,24000,47700,0,0,0,672,4000,5000,3600,0,3600,0,0,42000,0,3840,5600,3000,3000,5120,2160,6000,14208,0,25200,5600,3800,24000,1700,9800,12000,0,900,0,12000,1200,0,0,31200,0,960,900,0,2000,2000,4080,6188,0,0,20000,0,40000,0,3000,42000,0,0,238000,0,0,0,0,6000,0,0,3750,12000,12000,4500,28000,0,16000,0,8000,0,0,1000,0,0,0,1350,0,0,0,0,0,1200,0,0,0,0,2000,0,0,0,0,8000,0,0,0,0,0,0,0,0,0,0,0,0,0,0,0,0,0,0,0,54,1968,48000,48000,0,0,0,0,0,0,0,0,0,0,0,0,0,0,0,0,0,0,0,0,0,0,0,0,0,0,0,0,0,0,0,0,0,0,0,0,118,0,0,0,0,0,0,0,0,0,0,0,0,0,0,0,0,0,0,0,0,0,0,0,0,0,0,0,0,0,0,1440,0,0,0,0,0,100,0,0,2700,1000,500,0,0,0,0,16000,0,0,0,0,0,0,0,0,0,0,0,0,0,0,0,0,0,0
13,35000,99900,2424,1520,280,0,0,2016,500000,36000,1700,1200,9600,736,24000,6120,0,2250,615,26000,2088,5544,39744,1000,6000,0,18400,0,512,120,1760,19200,0,2736,12960,6820,14000,126000,10500,504,1400,126000,37800,12000,2500,7500,27000,0,27000,4000,2208,0,5600,0,6600,1000,2880,126000,34560,2000,4000,9720,1152,30600,0,0,800,2500,58000,2976,1000,72000,1260,0,12000,0,10800,8200,16000,7200,0,0,0,736,7740,0,330,20000,0,2000,25500,4500,2400,0,0,160,0,2670,54000,0,9576,0,0,0,26000,0,93000,3600,0,1800,0,19656,0,208600,3024,8000,24192,19152,150000,600,5568,18000,17100,0,0,800,480,1000,0,10800,192,4800,10400,4200,38000,0,1000,2900,61500,63000,8192,2160,3000,6528,1200,0,28000,32300,24000,2800,14600,0,0,975,0,0,8400,0,1000,0,0,1280,1800,1040,5200,2000,240,4704,0,0,260000,1750,72000,0,28500,7200,0,1000,252000,0,0,0,108,36000,0,0,1500,1000,1000,0,52000,0,0,0,2000,1900,0,0,0,0,1984,900,0,0,55000,84,792,0,1000,1520,1520,24000,2000,0,0,200,1440,8000,210,0,0,10500,6000,0,0,6000,0,0,0,0,1000,0,0,0,0,0,197,0,3024,42000,42000,0,0,0,0,0,0,0,0,0,0,0,0,0,0,0,0,0,0,0,0,0,0,0,0,0,0,0,0,0,0,0,0,0,0,0,0,0,0,0,0,0,0,0,0,0,0,0,0,0,0,0,0,0,0,0,0,0,0,0,0,0,0,0,0,0,0,0,1280,0,0,0,0,0,0,0,0,1800,0,1000,0,0,0,0,0,0,0,0,0,0,0,0,0,0,2000,0,0,0,0,0,0,0,0
14,12460,56700,3696,700,910,0,0,0,0,13200,2300,0,10800,336,32500,7200,0,0,2337,24000,1848,0,9936,500,0,0,2400,0,3584,408,400,0,0,2088,14040,5500,8500,0,1500,144,0,0,0,0,0,750,3000,6600,3000,0,0,5040,4200,0,4840,3000,4860,0,22464,6000,0,3540,2112,0,0,0,800,2500,0,1968,5500,0,1215,0,0,0,0,0,1600,7800,0,0,0,352,14220,0,0,0,0,2000,1500,6000,0,0,0,0,0,0,0,720,0,0,0,0,19500,1200,51000,1200,0,0,4800,0,0,91000,0,0,2352,3024,150000,0,4824,18000,43200,450,0,0,240,1000,0,0,0,11400,5600,0,36000,0,2200,1700,9750,22500,7680,3840,3000,0,0,30000,1600,0,0,400,1100,10000,0,0,0,0,20400,0,2000,4800,0,480,0,0,0,2000,0,2156,0,0,90000,1720,2000,0,3500,8400,0,1000,224000,0,0,0,0,0,0,0,0,0,0,0,128000,220000,0,0,2000,0,2400,0,0,0,1632,0,0,1000,10000,0,0,2100,2000,0,0,9000,3000,0,60000,0,0,0,0,0,0,0,0,0,0,0,0,0,0,0,0,6000,0,0,0,0,0,189,1632,34500,34500,0,0,0,0,0,0,0,0,0,0,0,0,0,0,0,0,0,0,0,0,0,0,0,0,0,0,0,0,0,0,0,0,0,0,0,0,0,0,0,0,0,0,0,0,0,0,0,0,0,0,0,0,0,0,0,0,0,0,0,0,0,0,0,0,0,0,0,0,0,0,0,0,0,0,0,0,0,0,500,0,0,0,0,0,0,0,0,0,0,0,0,0,0,0,0,0,0,0,0,0,0,0
15,6720,78300,2232,380,140,0,0,0,0,24000,1500,0,2400,1296,16000,5760,0,2880,615,49000,960,0,0,300,48000,0,2400,18,13824,624,3360,30000,0,2712,510,2640,3000,0,7500,864,0,0,0,0,15500,750,21000,3600,21000,16000,0,0,5600,0,0,1000,6840,0,22464,12000,1000,10020,384,0,0,0,17600,0,0,3792,0,34000,0,0,15000,1600,0,10810,3200,0,0,0,0,736,9180,0,198,0,0,4000,13500,4500,3000,0,0,0,0,960,4000,0,0,0,0,3000,13000,2400,21000,20400,0,2400,0,0,0,0,3276,4000,2016,12600,0,1800,5880,0,41400,1800,0,800,720,8000,0,12600,0,6600,2400,5400,54000,156000,1960,9800,14250,13500,1024,480,4500,0,3000,0,19200,7600,0,2500,3500,0,0,525,0,0,2400,36000,0,0,0,720,2700,2720,0,12000,1680,10556,0,0,350000,1300,60000,0,23500,10200,0,2000,63000,0,0,0,306,36000,0,0,2250,0,0,0,24000,0,0,0,8000,0,15600,0,0,0,0,2700,0,0,40000,0,0,8700,0,0,0,0,4500,0,0,0,0,0,0,0,0,21000,3000,0,0,0,0,0,0,0,0,30000,0,0,0,0,16,144,4608,24000,24000,0,0,0,0,0,0,0,0,0,0,0,0,0,0,0,0,0,0,0,0,0,0,0,0,0,0,0,0,0,0,0,0,0,0,0,0,0,0,0,0,0,0,0,0,0,0,0,0,0,0,0,0,0,0,0,0,0,0,0,0,0,0,0,0,0,0,0,1280,0,0,0,0,0,0,0,0,2700,0,500,0,0,0,0,0,0,0,0,0,0,0,0,0,0,0,0,0,0,0,0,0,0,0
16,41300,172800,1704,1080,1120,0,0,4032,290000,98400,564,2400,10200,944,87500,6120,0,5760,2337,39000,2640,0,23328,1160,6000,0,24000,54,512,456,0,30000,0,1896,6960,6160,4000,50400,4500,624,0,50400,0,18000,500,21750,0,6600,0,15010,3648,5040,15400,180,3520,2000,5940,50400,10368,2000,17500,7020,2472,12000,8400,0,13600,25000,0,2832,18500,18000,405,0,8500,2800,0,1100,0,1200,0,0,2800,448,7120,0,264,4000,0,6000,0,6000,1800,0,96,0,0,1920,8000,0,2520,1104,0,0,114400,3840,42000,2400,10000,1200,0,56448,0,123200,378,34000,9408,6552,200000,4800,5304,54000,69300,450,36,0,432,7500,0,6000,576,11400,4800,5400,36000,0,0,500,3750,72000,5120,9600,6000,0,100,0,24800,13300,16000,1100,2800,20000,0,900,0,24000,21600,0,0,0,0,3120,0,0,12400,4000,13440,8344,0,0,440000,1735,41000,0,6000,29400,0,1000,301000,0,200,0,0,30000,889,450,11250,20000,20000,6000,0,0,0,0,6000,0,6000,0,0,0,0,0,0,3000,40000,0,600,900,3000,0,0,6000,10000,0,0,700,6240,8000,420,0,12000,10500,0,96,3000,0,0,0,0,0,2500,0,0,0,0,0,0,36,2112,24000,24000,0,0,0,0,0,0,0,0,0,0,0,0,0,0,0,0,0,0,0,0,0,0,0,12000,0,0,0,0,0,0,0,0,0,0,0,0,0,0,0,0,0,0,0,0,0,0,0,0,0,0,1728,0,0,0,0,0,0,0,0,0,0,0,0,0,0,0,0,800,0,0,0,0,0,0,0,0,0,0,500,0,0,0,0,7500,0,1000,0,0,0,0,0,0,0,2000,0,0,0,0,0,0,0,0
17,25760,59400,1824,1470,0,300,0,12096,140000,34800,1156,0,24000,752,34000,3240,0,1920,123,50000,1584,4752,8064,0,0,0,4800,0,4608,1080,5520,12000,0,3744,13560,1760,6000,288000,12000,336,6980,212400,0,0,0,16500,21000,1800,21000,14000,2880,2160,7000,108,1760,500,5400,266400,58176,6000,5000,8520,0,13800,0,360,18400,2500,0,2640,2500,4000,0,480,34000,7200,0,1800,0,18600,0,0,0,512,5940,0,66,20000,0,4000,7500,10000,2400,0,0,120,0,1800,42000,0,0,2832,0,0,70200,0,49500,8400,6000,4200,0,23688,0,144200,3066,6000,14112,16632,50000,2400,6960,36000,63900,0,492,840,456,4000,0,12000,0,10200,8000,0,98000,0,3200,9200,0,64500,9216,0,9500,0,600,0,15200,15200,0,1200,21100,10000,0,375,0,24000,6000,0,0,26400,4500,1920,900,640,4400,0,960,8680,0,0,230000,665,51000,0,31000,0,0,3750,224000,0,0,0,54,24000,900,0,1500,1000,1000,0,0,290000,16000,0,6000,3800,8400,0,1000,0,2112,4050,0,0,55000,84,1632,3900,1000,0,0,0,6500,0,0,0,0,0,0,0,0,31500,3000,0,24000,6000,0,0,0,0,0,6000,0,0,0,0,386,162,0,0,0,0,0,0,0,0,0,0,0,0,0,0,0,0,0,0,0,0,0,0,0,0,0,0,0,0,0,0,0,0,0,0,0,0,0,0,0,0,0,0,0,0,0,0,0,0,0,0,0,0,0,0,0,0,0,0,0,0,0,0,0,0,0,0,0,0,0,0,5440,0,0,0,0,0,0,0,0,5400,0,1500,0,0,0,0,0,0,0,0,0,0,0,0,0,0,0,0,0,0,0,0,0,0,0
18,31920,56700,3456,940,140,0,0,0,490000,24000,748,3600,25800,1904,4000,5760,0,3750,0,25000,0,4752,0,1000,1500,0,2400,0,512,48,2720,0,0,3216,14640,0,500,0,0,288,0,0,0,0,2500,3750,0,0,0,24000,912,1920,8400,0,0,0,5940,0,4608,8000,4500,13320,1728,9000,2400,480,1600,5000,0,3792,0,2000,0,0,0,0,0,4700,1600,1800,0,0,0,672,17100,0,0,12000,0,6000,0,2500,2375,0,240,0,0,0,28000,0,0,2064,0,0,37700,0,21000,0,0,600,0,0,5380,14000,1008,62000,0,0,0,3000,3072,6000,49500,0,0,0,648,8500,0,0,0,2400,11200,0,22000,52000,3000,7800,29250,1500,512,1200,4000,0,2400,0,8000,19000,0,1500,9700,0,0,225,0,0,21600,0,0,0,1500,400,0,0,1200,10000,9600,7896,0,0,0,290,0,0,0,22800,0,0,42000,0,400,0,144,6000,0,0,750,0,0,3000,0,0,0,0,2000,3800,2400,0,0,0,0,0,0,0,15000,630,0,1500,0,0,0,0,0,0,0,0,0,0,0,0,0,21000,0,0,0,0,0,0,0,0,0,44000,0,0,0,0,0,0,0,0,0,0,0,0,0,0,0,0,0,0,0,0,0,0,0,0,0,0,0,0,0,0,0,0,0,0,0,0,0,0,0,0,0,0,0,0,0,0,0,0,0,0,0,0,0,0,0,0,0,0,0,0,0,0,0,0,0,0,0,0,0,0,0,0,0,0,0,0,800,0,0,0,0,0,0,0,0,0,0,500,0,0,0,0,1000,0,1000,0,0,0,0,0,0,0,0,0,0,0,0,0,0,0,0
19,22400,116100,4320,1410,980,0,0,0,25000,44400,1004,0,9600,1600,32500,5400,0,4140,2091,22000,1392,0,2016,2300,25500,0,22400,0,2048,168,3280,15000,0,3336,11520,220,7000,0,12000,792,0,0,0,0,14500,14250,39000,0,39000,10000,1440,0,15400,0,1320,6000,6840,0,31104,4000,1000,14040,1560,3600,0,408,59200,2500,0,3552,3000,18000,1395,0,2000,9200,0,2700,8000,21000,0,0,0,832,11880,0,264,8000,0,0,0,4000,1200,5000,0,0,450,1920,22000,0,9576,4944,0,0,75400,1680,15000,1200,0,1800,3600,20160,11380,203000,840,4000,29568,0,50000,2400,10272,54000,10800,900,0,600,768,2000,0,10200,0,2400,5600,0,28000,0,3480,600,17250,27000,1024,6000,2000,0,1500,34800,19200,9500,40000,1400,3400,11500,0,825,0,0,0,0,0,12000,0,880,0,2000,0,0,0,11312,0,0,330000,865,40000,0,13000,27000,0,0,231000,0,0,0,180,30000,0,0,0,0,0,7500,200000,0,16000,0,8000,1900,1200,0,1000,0,576,0,0,2000,30000,0,0,0,0,0,0,0,0,0,12000,0,0,8000,0,0,0,21000,0,0,0,6000,0,0,0,0,0,6000,0,0,0,0,0,108,0,9000,9000,0,0,0,0,0,0,0,0,0,0,0,0,0,0,0,0,0,0,0,0,0,0,0,0,0,0,0,0,0,0,0,0,0,0,0,0,0,0,0,0,0,0,0,0,0,0,0,0,0,0,0,0,0,0,0,0,0,0,0,0,0,0,0,0,0,0,0,0,0,0,0,0,0,0,0,0,0,0,0,0,0,0,0,1500,0,0,0,0,0,0,0,0,0,0,0,0,0,0,0,0,0,0
20,18480,67500,1368,1790,140,0,0,5040,300000,37200,2904,0,31800,688,41500,6120,0,3750,2091,29000,1800,0,0,1260,4500,0,3200,252,3584,720,5280,11400,0,3984,12600,6380,14500,32400,7500,0,0,32400,0,6000,0,7500,21000,7800,21000,0,2064,4320,9800,0,9240,0,5940,32400,17856,2000,17000,11400,2544,6000,2400,0,13600,2500,0,2832,10500,20000,1035,24,5000,3600,0,1000,1600,6000,0,0,1400,288,9180,0,330,4000,4000,8000,7500,7000,1800,0,0,0,0,960,20000,0,0,3120,0,6000,14300,6480,24000,1200,50000,0,0,37728,7200,4200,3360,28000,8400,3024,100000,4200,6264,18000,43200,0,120,0,624,12000,0,4800,0,4800,9600,3000,46000,0,1280,2600,4500,19500,12288,3840,2500,0,600,0,46400,0,0,3800,5800,30000,0,375,0,0,1200,43200,0,0,3000,4960,0,0,4400,8000,4800,10304,0,0,0,2650,0,0,4000,20400,0,0,189000,0,0,0,54,42000,300,0,2250,4000,4000,3000,12000,0,0,0,6000,3800,1200,0,1000,0,1600,0,0,3000,15000,0,2880,0,0,0,0,0,0,0,52000,0,0,0,0,0,0,10500,0,0,0,0,0,0,0,0,0,0,0,0,0,0,0,162,0,15000,15000,0,0,0,0,0,0,0,0,0,0,0,0,0,0,0,0,0,0,0,0,0,0,0,0,0,0,0,0,0,0,0,0,0,0,0,0,0,0,0,0,0,0,0,0,0,0,0,0,0,0,0,0,0,0,0,0,0,0,0,0,0,0,0,0,0,0,0,0,0,0,0,0,0,0,0,0,0,0,1000,0,0,0,0,0,0,0,0,0,0,0,0,0,0,0,0,0,4000,0,0,0,0,0
21,27020,43200,2736,1660,0,0,0,3024,160000,14400,2796,2400,12600,1120,4500,7920,0,1920,123,12000,1608,4752,0,720,6000,0,1600,108,1024,456,1200,24000,0,1224,14520,7040,6000,0,7500,1368,0,0,0,12000,0,5250,7500,1200,7500,8000,0,0,7000,0,1760,1000,7740,0,5184,1000,0,8580,2016,0,0,0,1600,5000,0,3936,0,22000,0,336,18000,6800,0,2100,4800,14400,0,0,0,480,11520,18000,198,4000,0,10000,6000,3000,2400,0,0,0,0,1920,22000,0,0,3408,14000,0,22100,0,39000,1200,7000,1800,0,21168,0,35000,630,12000,20160,0,50000,2400,8424,12000,13500,0,0,600,192,2500,0,0,0,9600,5600,600,62000,156000,4200,1500,750,7500,0,0,500,0,1500,0,12000,13300,8000,900,3700,2000,0,375,0,0,0,0,0,2400,0,480,0,0,0,6000,720,10836,0,0,180000,2708,40000,0,5000,38400,0,3000,224000,0,0,0,32,0,900,0,1500,3000,3000,3000,32000,0,0,0,6000,1900,0,0,0,0,0,0,0,0,0,336,0,0,7000,0,0,0,2000,0,0,0,0,8000,0,0,0,10500,12000,0,0,0,0,500,0,0,1000,8000,0,0,0,0,0,36,0,16500,16500,0,0,0,0,0,0,0,0,0,0,0,0,0,0,0,0,0,0,0,0,0,0,0,0,0,0,0,0,0,0,0,0,0,0,0,0,0,0,0,0,0,0,0,0,0,0,0,0,0,0,0,0,0,0,0,0,0,0,0,0,0,0,0,0,0,0,0,0,0,0,0,0,0,0,0,0,0,0,500,0,0,0,0,2500,0,0,0,0,0,0,0,0,0,0,0,0,0,0,0,0,0,0
22,30100,110700,3744,1790,280,144,0,0,465000,30000,1196,3000,34200,256,1000,6480,0,2880,369,33000,1848,0,10800,2060,4500,0,0,72,8192,480,1600,12600,1080,3011,14880,220,3000,118800,7500,480,0,118800,0,12000,0,6000,9000,0,9000,0,720,0,33600,287,2640,3500,2520,118800,17856,9000,2000,9540,5520,2400,2400,0,1600,7500,8000,4656,1000,12000,0,0,3000,4400,0,2100,1600,4800,0,0,1400,960,9000,0,396,8000,0,2000,4500,11500,3000,0,0,0,900,1980,68000,0,0,3360,8000,1550,46800,3360,112500,1200,7000,0,4800,42336,9600,123200,588,8000,1344,28728,100000,3000,6288,42000,81000,900,300,400,1008,7500,0,10200,0,18000,11200,0,86000,104000,1680,2200,8250,24000,9216,0,4500,0,2921,6000,5600,22800,8000,1800,2500,0,0,975,0,0,28800,0,0,16800,0,1040,0,0,7200,4000,1200,6916,0,0,250000,2120,1000,0,3000,36600,0,3250,63000,0,0,0,89,30000,0,0,4500,1000,1000,3000,112000,500000,16000,0,10000,0,2400,0,1000,0,0,2700,0,0,15000,0,0,1200,0,2000,2000,0,5000,0,0,0,0,0,0,0,0,10500,0,0,0,0,0,0,0,0,1000,72000,0,0,0,0,0,126,0,24000,24000,0,0,0,0,0,0,0,0,0,0,0,0,0,0,0,0,0,0,0,0,0,0,0,0,0,0,0,0,0,0,0,0,0,0,0,0,0,0,0,0,0,0,0,0,0,0,0,0,0,0,0,0,0,0,0,0,0,0,0,0,0,0,0,0,0,0,0,0,0,0,0,0,0,0,0,0,900,0,2000,0,0,0,0,4500,0,0,0,0,0,0,0,0,0,0,0,0,0,0,0,0,0,0
23,26740,70200,2496,50,910,0,0,0,90000,31200,1144,600,1200,432,27500,7200,0,4380,2337,65000,1968,0,0,3080,9000,0,0,180,2560,312,4320,0,2340,2880,13440,0,0,0,9000,576,0,0,0,6000,8000,7500,16500,1800,16500,8000,1440,0,0,0,0,0,5580,0,22464,3000,2000,6960,3480,9600,2400,0,5600,0,0,4032,4500,6000,2655,120,8500,7200,0,1100,11200,0,1500,0,0,544,7740,0,462,4000,0,4000,3750,7000,1800,0,0,0,0,960,30000,0,6048,2784,0,0,48100,4800,51000,1200,5500,1800,1800,11592,11400,37800,420,62000,0,0,150000,7200,4032,30000,25200,900,0,600,456,0,0,0,0,3000,5600,0,22000,520000,8000,4100,6000,51000,5632,2240,5500,0,0,15600,12800,5700,0,400,6100,20000,0,450,0,24000,7200,0,0,9600,0,320,0,560,1200,6000,480,11312,0,0,310000,2000,22000,0,13500,22800,0,500,175000,0,600,0,30,36000,0,0,1500,3000,3000,4500,96000,0,0,0,0,3800,1200,0,0,0,1984,0,0,6000,20000,0,0,1800,3000,0,0,0,4000,0,48000,0,0,0,0,0,0,21000,3000,0,0,0,0,0,0,0,500,2000,0,0,0,0,0,216,0,27000,27000,0,0,0,0,0,0,0,0,0,0,0,0,0,0,0,0,0,0,0,0,0,0,0,0,0,0,0,0,0,0,0,0,0,0,0,0,0,0,0,0,0,0,0,0,0,0,0,0,0,0,0,0,0,0,0,0,0,0,0,0,0,0,0,0,0,0,0,640,0,0,0,0,0,0,0,0,0,0,0,0,0,0,0,1000,0,1000,0,0,0,0,0,0,0,0,0,0,0,0,0,0,0,0
24,20860,48600,2448,1560,420,300,0,4032,290000,48000,1124,13200,5400,1296,3500,7560,0,2310,2337,53000,2040,0,0,960,4500,0,8000,250,3072,480,1280,3600,0,1920,15720,0,13000,32400,7500,480,0,32400,0,0,6000,20250,19500,2400,19500,18000,1440,12240,14000,0,10560,4000,4500,32400,19584,4000,0,14460,2592,36000,3600,408,2400,12500,0,1968,9000,28000,0,240,4879,4000,0,3200,4800,5400,21900,0,0,320,12960,0,0,4000,0,0,0,1000,1800,0,0,0,0,2280,8000,4320,2520,3744,0,0,2600,4320,60000,2400,9000,1200,0,22680,0,77000,1008,4000,29568,10080,50000,7200,5832,54000,7200,1350,180,1120,960,10000,0,15600,0,7200,11200,0,50000,8892000,3640,1400,39000,28500,8192,2160,4000,0,823,9600,8000,3800,8000,2400,4200,16000,0,675,0,18000,7200,0,1500,16800,0,800,0,4080,1600,4000,6720,6692,0,0,240000,2220,31000,0,8000,6600,0,2500,70000,0,0,0,72,6000,0,700,6750,0,0,1500,96000,0,0,0,6000,1900,1200,0,1000,700,0,0,0,2000,30000,84,0,600,0,0,0,0,8500,0,52000,0,0,9000,0,0,0,42000,9000,0,3000,0,0,0,3000,0,500,0,0,0,0,0,0,36,0,1500,1500,0,0,0,0,0,0,0,0,0,0,0,0,0,0,0,0,0,0,0,0,0,0,0,0,0,0,0,0,0,0,0,0,0,0,0,0,0,0,0,0,0,0,0,0,0,0,0,0,0,0,0,0,0,0,0,0,0,0,0,0,0,0,0,0,0,0,0,960,0,0,0,0,0,0,0,0,0,0,1000,0,0,0,0,7000,0,0,0,0,0,0,0,0,0,0,0,0,0,0,0,0,0,0
25,17780,135000,3000,1500,1120,0,0,2016,215000,19200,836,1200,26400,2800,31500,6510,0,5060,2214,41000,2016,0,24768,920,21000,0,0,144,512,552,1840,19200,0,4152,11520,0,2500,21600,9000,480,0,21600,0,24000,11000,12750,24000,1800,24000,21000,2112,0,4200,0,1320,2000,6120,21600,32256,6000,15000,12600,816,9000,0,72,14400,0,22000,3552,4500,0,2070,0,17000,13200,0,1500,1600,3600,600,0,1400,1312,11880,0,198,12000,0,8000,13500,16000,9000,0,0,8,0,1590,30000,0,0,4416,0,0,46800,0,51000,1200,19500,1800,2400,27216,0,141400,630,4000,2688,0,350000,0,6504,1987,79200,450,36,340,744,13000,0,1200,0,7200,8800,0,18000,416000,2840,6000,0,13500,0,4080,4000,0,1170,8400,28800,7600,0,3300,5100,0,0,1125,0,0,0,4800,0,9600,0,1840,0,0,6400,2000,6000,12404,0,0,60000,2005,22000,0,9000,0,0,5500,0,0,0,0,72,12000,0,0,1500,4000,4000,0,0,0,16000,0,6000,0,1200,0,0,0,1408,0,0,0,15000,756,3120,900,10000,6160,6160,3000,0,0,0,300,0,0,0,500,0,47000,3000,0,0,0,0,0,0,0,0,4000,0,0,0,0,0,72,0,0,0,0,0,0,0,0,0,0,0,0,0,0,0,0,0,0,0,0,0,0,0,0,0,0,0,0,0,0,0,0,0,0,0,0,0,0,0,0,0,0,0,0,0,0,0,0,0,0,0,0,0,0,0,0,0,0,0,0,0,0,0,0,0,0,0,0,0,0,1760,0,0,0,0,0,0,0,0,0,0,0,0,0,0,0,13000,0,0,0,0,0,0,0,0,0,0,0,0,0,0,0,0,0,0
26,44240,64800,3888,1480,140,300,0,504,185000,42000,1264,9000,43200,816,3000,5220,0,3630,615,46000,3048,3960,39312,520,4500,0,11200,342,11776,480,5440,16200,0,1848,11160,0,0,86400,12000,768,0,93600,28800,0,0,7500,42000,3600,42000,0,3648,0,8400,0,0,3000,5400,93600,10944,3500,0,10440,1872,0,0,336,17600,25000,20000,4464,0,30000,135,0,7500,5600,0,3600,17600,8400,0,1470,1400,160,14040,0,48,0,0,0,6750,4000,1200,0,0,0,450,600,38000,0,0,576,0,3000,58500,0,106500,0,0,600,0,27216,9000,49000,714,16000,8400,13104,50000,0,5568,0,85500,0,275,0,552,3000,0,7200,592,8400,13600,0,100000,520000,3520,9300,750,39000,0,3600,7000,0,600,0,6400,22800,16000,1100,4200,12750,0,300,0,0,2400,0,0,0,0,1520,1800,0,6800,4000,1680,10080,0,0,160000,450,21000,0,23000,86400,0,3250,147000,0,0,0,36,24000,0,0,0,0,0,3000,0,0,0,0,6000,5700,1200,0,0,9100,0,0,0,0,10000,168,0,1500,0,0,0,0,13500,0,0,920,0,4000,0,0,0,0,0,0,0,0,0,0,0,0,0,0,0,0,0,0,0,85,0,0,0,0,0,0,0,0,0,0,0,0,0,0,0,0,0,0,0,0,0,0,0,0,0,0,0,0,0,0,0,0,0,0,0,0,0,0,0,0,0,0,0,0,0,0,0,0,0,0,0,0,0,0,0,0,0,0,0,0,0,0,0,0,0,0,0,0,0,0,640,0,0,0,0,0,0,0,0,0,0,500,0,0,0,0,7000,0,0,0,0,0,0,0,0,0,0,0,0,0,10500,0,0,0,0
27,33460,67500,2952,1550,420,0,0,1512,275000,64800,300,12600,11400,416,51000,5940,0,2520,492,36000,1344,0,21888,0,14300,0,8800,0,1024,552,1680,4800,540,2400,10440,3080,0,28800,1500,624,0,28800,0,0,2500,4500,12000,0,12000,40000,2592,0,12950,0,0,3000,5220,28800,23616,4000,1500,10380,1440,24000,1600,528,1600,0,0,3552,0,50000,0,0,0,8400,0,600,0,0,0,0,0,800,5940,0,0,0,0,4000,6000,3000,1800,0,0,0,0,1110,18000,0,5544,2832,0,0,97500,0,39000,2400,1000,600,600,8064,0,148400,1890,0,28896,13104,200000,0,4464,0,84600,450,0,640,888,6000,0,600,0,3000,5600,0,22000,832000,2400,2600,16500,28500,2048,1440,5000,0,2400,0,10400,5700,16000,1500,2900,6000,0,300,0,24000,0,0,2000,2400,0,1840,0,0,3200,3940,6720,5460,0,0,270000,2325,40000,0,23500,0,0,7250,28000,0,0,0,0,0,0,0,0,11000,11000,0,0,0,0,0,2000,3800,1200,0,0,0,0,0,0,2000,5000,0,0,900,0,0,0,12000,0,0,0,0,0,0,0,0,0,0,0,0,0,0,0,0,0,0,0,4000,36000,36000,0,0,0,106,0,0,0,0,0,0,0,0,0,0,0,0,0,0,0,0,0,0,0,0,0,0,0,0,0,0,0,0,0,0,0,0,0,0,0,0,0,0,0,0,0,0,0,0,0,0,0,0,0,0,0,0,0,0,0,0,0,0,0,0,0,0,0,0,0,0,0,0,0,0,0,0,0,0,0,0,0,0,0,0,0,500,0,0,0,0,0,0,0,0,0,0,0,0,0,0,0,0,0,0,0,0,0,0,0
28,18620,56700,2856,2180,0,0,0,5040,245000,26400,672,1200,16200,1552,12000,4425,0,5040,2829,0,1560,0,1008,1000,4500,0,26400,319,1024,576,960,16800,1620,2088,10320,5280,10500,104400,4500,528,0,104400,0,0,5000,2250,42000,4200,42000,6000,1680,4320,8400,0,0,11000,7200,104400,40320,6000,10000,7320,1392,29400,6400,168,18400,12500,34000,3744,3500,8000,945,0,6500,8000,0,2900,8000,19800,0,0,0,1344,7200,0,396,8000,0,4000,17250,3000,3000,0,480,0,450,1950,2000,480,4536,2448,12000,6000,28600,1920,147000,2400,21000,1800,6000,12600,0,16800,1806,92000,7728,0,50000,1200,4536,60000,51300,4050,0,1280,888,1500,0,18600,0,8400,800,0,34000,728000,800,4000,4500,22500,3584,3360,3500,0,0,15600,12000,5700,12000,3100,6600,24000,0,600,0,0,7200,9600,0,21600,0,960,0,2480,1200,10000,720,6972,0,0,530000,1500,27000,0,14000,0,0,3000,126000,0,0,0,36,42000,600,0,3000,0,0,4500,140000,0,0,0,8000,3800,1200,0,0,0,2240,0,0,3000,15000,546,0,900,0,0,0,3000,3000,0,0,0,0,8000,0,0,0,0,0,0,0,0,0,0,0,0,2500,24000,0,0,0,0,0,0,0,0,0,0,0,0,0,0,0,0,0,0,0,0,0,0,0,0,0,0,0,0,0,0,0,0,0,0,0,0,0,0,0,0,0,0,0,0,0,0,0,0,0,0,0,0,0,0,0,0,0,0,0,0,0,0,0,0,0,0,0,0,0,0,0,0,0,0,0,0,3200,0,0,0,0,0,0,0,0,0,0,0,0,0,0,0,0,0,0,0,0,0,0,2000,0,0,0,0,0,0,0,0,0,0,0
29,11060,62100,2256,2110,1050,624,0,3024,190000,9600,1944,0,35400,3248,21500,3240,0,3840,1599,31000,2952,0,0,500,16500,0,7200,360,4608,216,4640,9000,360,3912,9480,1320,3000,0,6000,288,2780,0,0,0,0,12750,42000,2400,42000,0,2352,2160,16800,142,3960,0,6480,0,6336,12000,2500,7080,1680,3600,4800,480,0,17500,0,2736,5500,44000,0,0,4000,800,0,1400,4800,1200,0,0,1400,544,11700,0,66,4000,0,0,750,2000,1800,0,0,0,0,1200,20600,0,0,3888,0,0,14300,720,15000,0,0,3600,0,30744,0,0,2142,6000,1680,10080,50000,1200,1848,6000,89100,1800,406,640,576,4000,0,6000,208,12000,5600,4200,22000,1924000,6760,500,27000,24000,7168,5280,3000,0,2100,0,22400,19000,0,1800,1800,2000,0,450,0,18000,1200,146400,0,0,0,3120,300,0,2400,2000,4800,3976,0,0,0,1815,7000,0,0,0,0,2000,112000,0,0,0,0,66000,300,900,10500,4000,4000,0,116000,0,0,0,4000,0,1200,0,1000,0,1728,0,0,6000,0,0,0,600,0,0,0,0,2000,0,76000,0,0,8000,0,0,0,0,0,0,6000,0,0,0,0,0,0,2000,0,0,0,0,0,0,0,0,0,0,0,0,0,0,0,0,0,0,0,0,0,0,0,0,0,0,0,0,0,0,0,0,0,0,0,0,0,0,0,0,0,0,0,0,0,0,0,0,0,0,0,0,0,0,0,0,0,0,0,0,0,0,0,0,0,0,0,0,0,0,0,0,0,0,0,0,0,0,0,0,0,0,0,0,0,0,0,500,0,0,0,0,6000,0,0,0,3000,0,2000,0,0,0,0,0,0,0,0,0,0,0,0
30,30660,56700,2760,2040,1260,0,0,8568,120000,19200,712,4420,4800,0,17000,8190,0,6420,2337,25000,2208,0,11664,0,1500,0,4800,277,8704,600,1200,11400,0,1512,9960,660,1000,7200,12000,528,0,7200,26100,6000,12000,23250,21000,12000,21000,3000,1680,240,9800,198,5280,4000,6840,7200,22464,4000,6000,9120,2904,4200,0,0,4800,35000,52000,4320,9000,10000,2610,0,6500,12400,0,1100,12800,14400,0,0,0,960,13680,0,462,12000,0,2000,6000,7000,600,0,0,0,450,1920,38000,0,6048,4176,0,0,40300,0,54000,1200,3000,1800,0,15120,15600,196000,714,0,15792,0,150000,7800,8736,24000,109800,1350,0,0,1056,2300,0,250,0,6000,11200,0,74000,8944000,1600,5600,6000,28500,6656,1680,11000,0,1260,2400,12000,15200,8000,2100,6900,18750,0,600,0,12000,18000,0,2500,9600,3000,2320,2400,400,400,4000,11040,14084,0,52000,170000,900,10000,0,18000,0,50,3250,21000,0,1600,0,0,6000,0,0,1500,2000,2000,1500,20000,0,16000,0,4000,0,2400,0,1000,700,2656,0,20,0,30000,630,0,2100,6000,2000,2000,15000,0,0,44000,0,0,8000,0,1500,12000,10500,0,0,3000,0,0,0,0,0,500,0,0,0,0,0,0,0,0,0,0,0,0,0,0,0,0,0,0,0,0,0,0,0,0,0,0,0,0,0,0,0,0,0,0,0,0,0,0,0,0,0,0,0,0,0,0,0,0,0,0,0,0,0,0,0,0,0,0,0,0,0,0,0,0,0,0,0,0,0,0,0,0,0,0,0,0,0,2240,0,0,0,0,0,0,0,0,0,0,0,0,0,0,0,0,0,0,0,0,0,0,0,480,0,0,0,0,0,0,0,0,0,0
31,14000,124200,1776,1320,1400,0,0,2016,470000,33600,1072,15600,0,0,7000,8010,14400,1560,861,76000,2208,4752,15552,880,11150,0,15200,234,2560,984,5360,12000,0,5736,11640,5280,9000,25200,1500,432,0,25200,14400,12000,0,0,0,3600,0,0,2736,9840,8400,0,2200,3000,3420,25200,4608,6000,0,13320,96,39600,0,0,73600,12500,0,3888,2500,34000,2115,0,7000,1600,0,5300,17600,4200,300,0,0,832,13860,0,330,4000,0,4000,7500,5200,600,0,0,0,450,930,40000,0,0,1680,30000,0,6500,4080,70500,1200,20000,1800,10800,20664,0,96600,1218,20000,13440,5040,200000,4200,6744,36000,66600,4500,0,500,1416,12000,0,10200,0,0,8000,0,28000,5304000,5000,3000,8250,39000,1024,4800,2000,0,0,9600,24800,11400,16000,1900,5800,2000,0,300,0,0,6000,0,0,4800,0,1360,0,1120,5600,2000,0,7868,96000,0,230000,1430,43000,1000,5000,46800,0,0,147000,0,0,0,36,30000,0,0,0,0,0,1500,68000,500000,48000,0,6000,3800,2400,500,0,0,0,0,0,1000,5000,42,0,600,5000,0,0,24000,2000,0,0,0,0,0,0,0,0,0,0,0,0,0,0,0,0,0,0,44000,0,0,0,0,0,0,0,0,0,0,0,0,0,0,0,0,0,0,0,0,0,0,0,0,0,0,0,0,0,0,0,0,0,0,0,0,0,0,0,0,0,0,0,0,0,0,0,0,0,0,0,0,0,0,0,0,0,0,0,0,0,0,0,0,0,0,0,0,0,0,0,0,0,0,0,0,640,0,0,0,0,0,0,0,100,450,0,500,0,0,0,0,0,0,0,0,0,0,0,0,0,0,0,0,0,0,0,0,0,0,0
32,10360,32400,3096,1600,210,200,0,5040,120000,15600,2232,6000,24600,720,49500,5460,14400,5580,3690,25000,1200,0,29808,1280,9000,0,11200,300,3072,480,2080,16200,1980,1824,7320,3520,6500,126000,9000,0,600,126000,900,0,4000,25500,0,3000,0,0,1584,4080,5600,126,0,500,3600,126000,34560,4000,0,9660,600,5400,400,0,800,10000,10000,2448,5000,16000,495,0,12500,37200,0,2000,8000,3000,6000,0,0,0,9180,6000,330,4000,0,4000,18000,2000,3000,15000,0,0,900,1740,10000,0,0,5664,0,0,57200,0,67500,4800,37500,1800,0,14616,13200,39200,1638,52000,19488,4032,0,3000,2496,36000,88200,9000,492,820,384,200,0,10200,0,9600,0,0,55000,4576000,2280,10000,6000,22500,2560,5280,7000,0,3660,3600,11200,17100,16000,2000,3400,17000,0,825,0,0,6000,19200,0,33600,3000,2240,1800,2560,4400,4000,8160,13412,0,0,100000,1150,26000,0,9000,0,0,250,0,0,0,0,51,0,0,150,0,1000,1000,3000,72000,440000,32000,0,4000,3800,3600,0,1000,0,1728,900,0,3000,55000,546,936,900,3000,0,0,0,2500,0,8000,0,0,0,0,0,0,5000,0,0,0,0,0,0,0,0,0,4000,0,0,0,0,0,0,0,0,0,0,0,0,0,0,0,0,0,0,0,0,0,0,0,0,0,0,0,0,0,0,0,0,0,0,0,0,0,0,0,0,0,0,0,0,0,0,0,0,0,0,0,0,0,0,0,0,0,0,0,0,0,0,0,0,0,0,0,0,0,115,0,0,0,0,0,0,1440,0,0,0,0,0,0,0,300,900,0,500,0,0,0,0,0,0,0,0,0,0,0,0,0,0,0,0,0,4000,0,0,0,0,0
33,36960,35100,2568,1940,2100,0,0,7560,0,44400,2356,4200,20400,0,22500,6945,50400,2880,1230,24000,1776,50,0,3180,10500,0,11200,198,1024,720,7040,10200,3420,3768,10080,7040,6500,61200,16500,528,240,61200,16200,12000,2000,1500,42000,1800,42000,28000,3024,1440,9800,0,1760,0,3420,68400,35136,2000,7500,12600,0,600,7600,0,0,10000,16000,3216,8500,8000,0,0,21000,8800,3600,3600,4800,8400,0,0,0,1280,7020,0,66,8000,0,2000,750,7848,1800,0,0,0,0,600,16000,0,0,3168,0,3000,40300,5040,37500,9600,7000,1800,4800,41832,0,25760,3024,28000,12432,7056,200000,0,4032,54000,60300,1800,0,540,0,20000,0,12000,304,2700,8800,7800,8000,2392000,2360,8900,34500,36000,2048,2400,2500,0,0,13200,23200,20900,16000,3000,3300,6000,0,300,0,12000,27600,0,0,9600,0,3440,0,1040,0,0,5520,392,0,0,120000,1040,0,0,28000,0,0,6000,35000,0,0,1600,24,36000,0,1500,518,0,0,0,28000,0,32000,0,4000,0,7200,0,0,0,1280,1800,0,1000,30000,0,0,10200,0,0,0,0,0,1260,0,0,0,16000,2100,0,0,10500,3000,0,0,0,0,0,0,0,0,2000,0,0,0,0,0,0,0,0,0,0,0,0,0,0,0,0,0,0,0,0,0,0,0,0,0,0,0,0,0,0,0,0,0,0,0,0,0,0,0,0,0,0,0,0,0,0,0,0,0,0,0,0,0,0,0,0,0,0,0,0,0,0,0,0,0,0,0,0,0,0,0,0,0,0,0,0,0,0,0,0,0,0,0,0,0,1350,0,0,0,0,0,0,0,0,0,0,0,0,0,0,0,0,0,0,0,0,0,0,0,0,0
34,9660,18900,3480,1600,210,156,0,3024,40000,34800,1792,10800,31200,1904,25500,5580,26400,5760,4305,18000,1944,0,0,2080,13500,0,8800,360,512,480,1200,31200,1260,2016,13440,1760,0,0,15000,48,0,0,29700,0,4000,13500,36000,0,36000,0,1056,0,7000,324,4840,4000,5040,0,53568,4000,7500,9840,0,20400,0,0,1600,5000,0,3936,0,24000,0,0,500,3200,10800,2000,12800,5400,0,0,0,384,10380,0,462,12000,0,6000,750,3500,600,0,0,0,0,1350,54000,480,0,2352,10000,0,7800,240,66000,1200,16500,600,1800,41328,8400,138600,546,38000,17808,2016,0,7800,3264,30000,66600,1350,0,0,1056,3000,0,12340,0,8400,3200,0,50000,1404000,1600,1100,6000,42000,2048,1200,3000,33216,2400,16604,19200,22800,16000,3300,4000,10000,0,675,0,0,0,0,0,0,0,2480,900,0,2800,1600,0,7896,0,0,100000,2740,16000,0,500,0,18,250,140000,0,0,1600,0,12000,300,0,7500,8000,8000,4500,112000,0,0,0,8000,0,2400,0,1000,0,0,0,0,0,20000,420,0,900,0,0,0,0,0,0,0,0,0,0,0,0,12000,21000,0,0,3000,0,0,0,0,0,0,12000,0,0,0,0,0,0,0,0,0,0,0,0,0,0,0,0,0,0,0,0,0,0,0,0,0,0,0,0,0,0,0,0,0,0,0,0,0,0,0,0,0,0,0,0,0,0,0,0,0,0,0,0,0,0,0,0,0,0,0,0,0,0,0,0,0,0,600,0,0,0,0,0,0,0,0,0,0,0,0,0,0,0,0,0,0,0,0,0,0,0,0,0,4500,0,0,0,0,0,0,0,0,0,0,0,0,12000,0,0,0,0,0
35,12460,21600,3240,2330,980,0,0,8064,500000,50400,2180,0,41400,1376,22000,6120,12000,3330,1722,61000,3672,4752,0,0,30000,0,3200,0,7168,624,1920,3600,0,4416,12000,880,6000,115200,0,48,0,115200,10800,18000,11500,16500,36000,600,36000,32000,1248,480,11200,0,7040,7000,7200,115200,13824,8000,2000,12420,3528,12000,0,408,5600,22500,38000,2832,3000,28000,990,0,500,2000,0,2200,0,1800,0,0,0,1056,12600,0,0,16000,0,2000,32250,8500,5400,0,648,0,450,1200,42000,0,7056,4080,0,3000,23400,2880,43500,6000,0,1200,0,13104,20400,153160,1974,14000,47712,3024,0,0,5976,6000,21600,3872,0,900,576,3500,0,10200,336,8400,2400,0,62000,3016000,840,500,0,70500,3072,5040,9000,0,1500,16800,8800,0,8000,4900,3900,12000,0,450,0,0,0,21600,1000,0,800,1600,0,0,2000,4000,3840,7896,0,0,380000,2305,40000,0,4000,60600,0,0,189000,0,0,800,36,72000,600,0,3000,3000,3000,0,148000,0,0,0,6000,0,2400,0,0,0,0,0,0,0,0,84,0,1200,0,960,2640,0,0,0,112000,600,0,0,0,0,0,0,0,0,0,0,0,0,0,0,1000,28000,31500,31500,0,0,0,0,0,0,0,0,0,0,0,0,0,0,0,0,0,0,0,0,0,0,0,0,0,0,0,0,0,0,0,0,0,0,0,0,0,0,0,0,0,0,0,0,0,0,0,0,0,0,0,0,0,0,0,0,0,0,0,0,0,0,0,0,0,0,0,0,0,0,0,0,0,0,0,0,0,0,0,0,0,0,0,0,0,0,0,0,0,0,4500,0,0,0,0,0,0,0,0,0,0,0,0,0,0,0,0,0,0
36,22400,56700,3264,240,2730,0,0,0,475000,63600,1000,6600,6000,304,24500,5910,25200,3120,492,32000,1128,0,0,2000,16500,0,24800,630,1536,480,5680,27000,360,1200,11520,0,4500,25200,9000,912,0,25200,15300,6000,0,750,48000,3600,48000,16000,1488,3600,22400,0,6160,3000,5760,25200,38592,6000,0,9060,0,4200,800,0,17600,5000,10000,4320,4500,28000,0,0,19500,2400,3600,3500,3200,0,0,0,0,576,11865,0,0,8000,0,4000,3000,5500,3600,0,0,0,450,600,6000,0,5040,2688,0,9000,55900,0,36000,2400,0,600,1800,22680,12000,125720,1890,54000,12432,0,250000,0,4080,84000,2700,5850,51,940,504,14000,0,7800,208,6600,8000,0,34000,6968000,1520,5200,18750,37500,5632,720,1500,6720,0,1200,26400,2380,0,2400,9200,6000,0,750,0,18000,0,7200,0,2400,1500,1440,0,1600,4000,2000,7440,9240,0,0,140000,0,44000,0,4000,0,0,4000,28000,0,0,800,90,84000,0,1500,0,3000,3000,6000,12000,0,0,0,6000,3800,6000,0,0,0,0,3600,0,0,50000,0,0,600,1000,1040,0,0,4000,0,0,300,0,0,0,0,0,0,3000,0,0,0,0,0,0,0,500,4000,0,0,0,0,0,0,0,6000,6000,0,0,0,0,0,0,0,0,0,0,0,0,0,0,0,0,0,0,0,0,0,0,0,0,0,0,0,0,0,0,0,0,0,0,0,0,0,0,0,0,0,0,0,0,0,0,0,0,0,0,0,0,0,0,0,0,0,0,0,0,0,0,0,0,0,0,0,0,0,0,0,0,0,0,0,0,1800,0,0,0,0,0,0,0,0,0,0,0,0,0,0,0,0,0,0,0,0,0,0,0,0,0
37,8120,35100,2472,2090,1260,300,0,13608,55000,15600,2140,2840,38400,1392,53500,6480,55200,2580,492,27000,2376,0,0,2600,13500,0,25600,339,0,576,320,5400,1080,2880,11520,0,7000,129600,1500,528,0,129600,0,6000,5500,1500,12000,1200,12000,0,2208,8640,0,0,6160,9000,6120,129600,5760,0,5500,8220,960,3000,400,0,4800,2500,0,2448,0,12000,1215,384,11500,12000,3600,3200,11200,12000,0,0,0,672,3960,0,594,4000,0,4000,0,6000,3600,0,504,0,0,2970,0,0,4536,4080,14000,3000,11700,3360,69000,1700,23500,2650,12600,14112,0,132160,1386,42000,0,1008,0,0,5376,42000,9900,0,0,0,432,4500,0,34800,0,12000,3200,2400,48000,4680000,2680,6800,12750,28500,2048,1920,10000,9600,0,20400,16000,30400,24000,3200,2400,24000,0,750,0,0,0,26400,1000,9600,4500,880,3600,2320,4400,2000,2160,14616,0,0,190000,3200,10000,0,17000,0,0,4000,119000,4400,0,750,36,12000,0,0,2250,0,0,6000,16000,0,16000,1200,6000,1900,3600,300,1000,0,640,0,0,3000,60000,0,0,1800,1000,2560,2560,0,0,0,0,0,0,0,0,0,12000,0,15000,0,3000,0,0,0,0,0,0,6000,0,0,0,0,0,0,0,9000,9000,0,0,0,0,0,0,0,0,0,0,0,0,0,0,0,0,0,0,0,0,0,0,0,0,0,0,0,0,0,0,0,0,0,0,0,0,0,0,0,0,0,0,0,0,0,0,0,0,0,0,0,0,0,0,0,0,0,0,0,0,0,0,0,0,0,0,0,0,0,0,0,0,0,0,0,0,1800,0,0,0,0,0,0,0,1200,0,0,0,0,0,0,0,0,0,0,0,0,0,0,0,0,0
38,33600,51300,3120,1540,0,120,0,6048,100000,87600,1460,19800,18600,1184,3500,6120,25200,5640,2091,43000,3840,2376,29376,1100,13500,0,7200,306,1536,720,4400,7200,360,3288,6600,0,0,10800,9000,576,0,10800,6300,12000,0,18000,0,0,0,14000,960,0,15400,157,0,2000,5220,10800,24768,6000,5500,6660,0,3600,11200,96,24800,17500,0,4128,15000,10000,0,96,0,3200,21600,3000,8000,7200,0,0,0,0,10540,0,66,0,0,4000,0,9000,380,0,0,0,0,1410,22000,0,0,3696,2000,0,5200,2400,21000,7200,15000,1200,1200,26208,2400,107520,1050,34000,46032,17818,50000,1800,6048,12000,30600,2250,866,1080,312,5500,2000,34800,0,400,11200,1200,28000,3289000,3560,9100,20250,48000,2560,1680,10000,13248,1800,0,20800,43700,8000,1700,5400,4000,30000,600,0,6000,0,21600,0,21600,0,0,0,0,1200,0,4800,12040,0,0,100000,500,38000,0,27000,3000,54,0,0,800,1600,600,0,24000,300,0,3750,0,0,1500,24000,0,0,3600,4000,3800,2400,0,0,0,8480,0,20,0,15000,210,0,1200,0,2560,2560,18000,4500,0,40000,0,0,0,0,0,0,0,0,0,0,6000,0,0,3000,0,0,32000,0,0,0,0,0,0,0,24000,24000,0,0,0,0,0,0,0,0,0,0,0,0,0,0,0,0,0,0,0,0,0,0,0,0,0,0,0,0,0,0,0,0,0,0,0,0,0,0,0,0,0,0,0,0,0,0,0,0,0,0,0,0,0,0,0,0,0,0,0,0,0,0,0,0,0,0,0,800,0,0,0,0,0,0,0,0,0,0,0,0,0,0,0,7500,0,0,0,0,0,0,0,0,0,0,0,0,0,0,0,0,0,0
39,46620,32400,2232,1000,1120,0,0,0,335000,15600,1256,10800,2400,304,7000,7740,31200,2490,5904,31000,2304,1584,0,200,13500,0,0,54,1024,720,5120,30600,0,4032,11880,8360,12500,7200,6000,1248,0,0,11700,0,3500,3750,0,0,0,0,2496,3120,8400,0,0,5000,6480,0,30528,6000,9500,8820,3984,0,0,384,2400,0,0,3216,4500,4000,450,0,0,6000,7200,3000,0,1200,0,0,1120,416,15120,0,0,24000,0,0,24750,10500,3000,0,0,0,900,3420,50000,0,0,1872,0,0,54600,240,24000,1200,1500,6600,1200,52920,2400,155680,420,32000,8736,2520,180000,7800,5256,0,41400,5850,0,0,552,3945,4000,7800,0,9600,11200,0,44000,23452000,6480,1900,4500,61500,3520,3600,2500,14400,1500,11848,14400,26600,0,2000,2000,16000,0,600,0,12000,2400,9600,0,7200,0,480,0,0,2000,4000,6720,8596,0,0,140000,475,25000,0,8000,36600,0,0,252000,4800,0,300,0,6000,300,0,3000,0,0,0,48000,0,32000,0,7500,0,0,0,1000,0,0,0,0,2000,0,420,0,2100,3000,3040,4800,6000,0,0,52000,0,0,0,0,0,0,0,0,0,0,0,0,0,0,0,0,2000,0,0,0,0,0,0,0,30000,30000,0,0,0,0,0,0,0,0,0,0,0,0,0,0,0,0,0,0,0,0,0,0,0,0,0,0,0,0,0,0,0,0,0,0,0,0,0,0,0,0,0,0,0,0,0,0,0,0,0,0,0,0,0,0,0,0,0,0,0,0,0,0,0,0,0,0,0,0,0,0,0,0,0,0,0,0,0,0,0,0,600,0,0,0,0,0,0,0,0,0,0,0,0,0,0,0,0,0,0,0,0,0
40,14700,64800,4128,1780,280,28,1150,5544,235000,48000,1120,9600,47400,112,2000,7020,48000,3060,1722,27000,2664,0,37584,1420,0,0,0,882,2048,720,1600,18000,0,1152,11400,7700,1000,183600,12000,0,1020,183600,8100,0,7000,1500,0,0,0,5000,3264,1680,7000,18,4840,4500,4686,183600,8064,4000,2500,4320,2784,1800,0,0,4000,7500,7600,2784,2000,50000,1530,0,2000,14800,0,1900,3200,12000,3750,0,0,320,13680,4500,990,0,0,0,6000,1500,8400,0,480,0,900,1920,32000,0,0,5904,16000,0,63700,2880,19500,3600,1000,600,12000,20160,6600,100800,588,18000,19824,4032,0,1200,4584,10000,11700,6300,0,600,816,2500,0,23400,0,12000,2400,0,20000,7384000,5000,500,64500,36000,6144,5520,5500,17280,2100,38400,9600,28500,8000,1100,3400,2000,0,600,0,0,3600,0,2500,4800,12000,640,0,0,400,0,3120,8988,0,0,0,600,11000,0,2500,0,0,3000,56000,0,0,4480,0,54000,0,0,1500,0,0,3000,20000,0,0,0,4000,3800,1200,0,0,0,0,1800,0,6000,10000,420,0,0,0,0,0,3000,1000,0,24000,0,0,0,0,1000,0,21000,9000,0,0,0,0,0,0,0,0,32000,0,0,0,0,0,0,0,30000,30000,0,0,0,0,0,0,0,0,0,0,0,0,0,0,0,0,0,0,0,0,0,0,0,0,0,0,0,0,0,0,0,0,0,0,0,0,0,0,0,0,0,0,0,0,0,0,0,0,0,0,0,0,0,0,0,0,0,0,0,0,0,0,0,0,0,0,0,0,0,0,0,0,0,0,0,0,2250,0,0,0,0,0,0,7500,0,0,0,0,0,0,0,0,0,0,0,0,0,0,0,0,0,0
41,14420,62100,1680,800,3430,480,0,1008,0,43200,1136,8400,11400,1712,26500,8115,50400,3060,1599,40000,2400,792,30960,1860,13500,0,5600,0,512,456,2080,55200,0,2424,13080,4400,18500,10800,10500,1104,2600,10800,1800,12000,0,8250,0,1200,0,10000,1776,5520,4000,0,0,2000,6480,10800,60480,4000,7300,10020,1320,28200,0,0,16000,5000,20000,3888,10000,62000,675,0,5000,10400,0,2500,35200,4200,0,0,1120,768,14794,0,660,12000,0,6000,13050,4000,1800,0,0,0,0,960,74000,0,3528,1152,2000,0,24700,1920,60000,7200,56500,0,9000,11088,3000,99680,1638,94000,4704,15624,300000,5400,2400,0,29700,7200,96,0,408,6500,0,0,0,5400,4800,0,56000,1144000,5800,4600,3000,37500,7168,960,5500,25728,1800,4800,28800,0,16000,3700,6200,34000,0,150,0,0,0,0,0,2400,0,1520,0,0,6000,2700,5520,10080,480000,468000,220000,2400,1000,3624,27500,11400,0,2500,105000,0,0,0,18,54000,300,0,0,0,0,4500,48000,350000,80000,0,10000,9500,6000,2000,0,3494,1504,1800,0,0,45000,294,0,1500,2000,0,0,9000,500,0,20000,0,0,16000,0,0,0,0,12000,0,0,0,0,0,0,0,0,8000,0,0,0,0,0,0,0,22500,22500,0,0,0,0,0,0,0,0,0,0,0,0,0,0,0,0,0,0,0,0,0,0,0,0,0,0,0,0,0,0,0,0,0,0,0,0,0,0,0,0,0,0,0,0,0,0,0,0,0,0,0,0,0,0,0,0,0,0,0,0,0,0,0,0,0,0,0,0,0,0,0,0,0,0,0,0,1350,0,0,0,0,0,0,3000,0,0,0,0,0,0,0,0,0,0,0,0,0,10500,0,0,0,0
42,13020,16200,2520,1520,630,192,18,0,70000,56400,556,3000,9600,240,8000,8820,49200,5400,369,44000,3024,1584,9792,840,12000,0,4000,270,4096,576,7120,19200,3420,2040,12360,0,6500,93600,4500,0,0,72000,2700,0,2500,2250,33000,8400,33000,11000,2832,4800,8400,0,0,11000,5760,64800,55872,8000,5000,11820,4824,3600,3600,456,23200,2500,18000,4416,0,22000,0,0,18000,1600,0,2700,3200,7200,0,0,1120,704,7740,900,0,4000,0,2000,12000,7500,7200,0,0,0,450,1650,56000,480,12096,3456,36000,0,50700,2160,1500,10800,14500,1200,1800,57960,16200,175840,294,16000,0,7560,100000,0,4968,84000,34200,900,0,200,312,5000,0,19800,0,9600,13600,0,24300,1352000,4200,6100,12750,30000,7680,4320,5000,19584,0,0,19200,19000,0,0,4200,0,0,1500,0,0,0,4800,0,28800,0,720,0,1600,6400,10000,12000,5432,0,0,280000,600,64000,0,42500,13200,0,2250,42000,0,0,320,36,42000,0,0,0,0,0,4500,0,0,32000,0,2000,0,4800,0,0,0,1920,0,0,0,10000,294,0,6300,0,1200,1200,3000,4000,0,0,0,0,0,0,0,0,0,0,0,0,6000,0,0,0,0,0,0,0,0,0,0,0,0,0,6000,6000,0,0,0,0,0,0,0,0,0,0,0,0,0,0,0,0,0,0,0,0,0,0,0,0,0,0,0,0,0,0,0,0,0,0,0,0,0,0,0,0,0,0,0,0,0,0,0,0,0,0,0,0,0,0,0,0,0,0,0,0,0,0,0,0,0,0,0,0,0,0,0,0,0,0,0,0,3150,0,0,0,0,0,0,0,0,0,0,0,0,0,0,0,0,0,0,0,0,0,0,0,0,0
43,32480,62100,2400,1290,700,0,0,4032,275000,40800,800,10800,62400,2112,24000,5940,78000,5940,6273,44000,2616,1584,576,2400,43500,0,24000,306,6656,888,720,22800,0,4032,12720,1320,20500,0,18000,0,0,28800,7300,0,7500,21750,4500,9000,4500,14000,2496,6240,18200,346,0,0,4870,28800,36864,4000,0,8160,3888,16800,10400,0,4000,7500,15950,5376,0,28000,135,0,500,18000,0,2200,1600,10200,0,0,0,896,12165,0,0,28000,0,8000,1500,15500,1800,0,528,40,900,2460,36000,0,0,2496,0,0,23400,6720,19500,4800,0,3000,0,59976,13200,200480,2310,10000,40992,504,150000,10200,5304,66000,60300,0,263,300,984,4500,0,12000,0,6500,12000,0,36000,10244000,1600,4000,57000,52500,9728,3840,4500,20736,1200,0,36800,20900,32000,4100,2200,6230,0,75,0,0,13200,36000,0,4800,0,640,0,1520,3200,0,4560,8876,0,0,110000,200,51000,0,3500,10800,0,500,56000,0,0,1600,54,54000,0,0,3750,0,0,4500,4000,350000,0,0,10000,0,2400,0,0,0,576,0,0,0,10000,0,1176,300,0,1280,2560,0,1000,0,0,780,0,0,0,500,0,10500,0,0,0,0,0,0,0,0,0,24000,0,0,0,0,0,0,0,30000,30000,0,0,0,0,0,0,0,0,0,0,0,0,0,0,0,0,0,0,0,0,0,0,0,0,0,0,0,0,0,0,0,0,0,0,0,0,0,0,0,0,0,0,0,0,0,0,0,0,0,0,0,0,0,0,0,0,0,0,0,0,0,0,0,0,0,0,0,0,0,0,0,0,0,0,0,0,0,0,0,0,0,0,0,0,0,0,0,0,0,0,0,0,0,0,0,0,0,0,0,0,0,0
44,4200,67500,2592,2000,1820,192,0,0,85000,31200,1300,7200,13200,0,30000,6480,58800,3870,1599,74000,3216,3168,0,220,0,0,4800,162,1536,216,5680,42000,0,768,11280,2420,9000,115200,3000,480,0,115200,17100,12000,1000,9750,0,0,0,24000,3552,10560,0,0,440,2000,6120,118800,6912,6000,11500,7980,888,10800,6000,0,18400,15000,28000,3840,0,52000,2070,0,7000,2800,0,3200,8000,12000,0,0,1120,544,14040,0,0,4000,0,0,0,3500,2400,0,312,48,450,1680,32000,0,0,2928,8000,0,32500,1680,63000,3600,4500,1200,7800,39312,4200,187040,546,58000,5712,10080,150000,10200,7032,102000,21600,4050,396,800,432,5000,0,0,0,7200,8000,0,58000,624000,6960,3700,51750,46500,2560,9120,9000,17664,0,15600,19200,11400,0,1800,5500,10000,0,600,0,0,4800,4800,0,0,0,960,0,0,5200,4000,8640,9884,528000,520000,30000,200,33000,0,0,30000,0,8000,77000,0,0,2880,0,30000,300,0,1500,0,0,6000,16000,0,0,0,4000,1900,4800,0,1000,0,6656,0,0,5000,10000,630,0,8400,3000,2720,1440,0,1000,0,12000,0,0,0,0,500,5100,0,0,0,0,0,0,0,0,0,0,30000,0,0,0,0,0,0,0,36000,36000,0,0,0,0,0,0,0,0,0,0,0,0,0,0,0,0,0,0,0,0,0,0,0,12000,0,0,0,0,0,0,0,0,0,0,0,0,0,0,0,0,0,0,0,0,0,0,0,0,0,0,0,0,0,0,0,0,0,0,0,0,0,0,0,0,0,0,0,0,0,0,0,0,0,0,0,0,0,0,0,0,0,0,0,3000,0,0,0,6000,0,0,0,0,0,0,0,0,4000,0,0,0,0,0
45,6720,54000,3288,600,1260,412,0,8568,225000,49200,0,3600,21600,1104,53500,6660,8400,3450,3444,53000,1176,0,14544,100,19500,0,4000,270,7168,576,3640,26400,0,2640,8880,7260,6500,14400,6000,336,0,64800,18900,0,1000,0,0,1200,0,21000,3264,6240,5600,0,7040,0,7380,133200,24192,2000,5000,12960,0,16800,0,0,17600,0,26000,3648,14000,34000,2565,0,12500,5200,0,3100,12800,6000,0,0,0,1216,12960,0,0,20000,0,6000,24750,5000,4800,0,264,0,900,1920,32000,0,3024,4032,24000,0,45500,0,46500,7200,13000,2400,11400,44352,4100,135520,3444,42000,3024,7056,150000,8400,6912,54000,45000,2980,264,440,1680,10000,0,34200,0,4200,0,0,56000,832000,6600,4800,21000,57000,2560,3120,12500,10368,2033,4790,20800,39900,0,3700,8700,24000,0,975,0,6000,2400,62400,0,25820,0,2640,0,2800,8800,800,15120,9632,0,0,120000,0,0,0,18000,0,0,7250,112000,2000,0,0,0,48000,300,0,750,0,0,0,12000,0,32000,0,6000,1900,9600,0,0,0,1536,0,0,1000,0,378,1824,2400,0,1200,1200,21000,6000,0,36000,0,0,0,0,0,0,0,0,0,0,0,0,0,0,0,0,60000,0,0,0,0,0,0,0,48000,48000,0,0,0,0,0,0,0,0,0,0,0,0,0,0,0,0,0,0,0,0,0,0,0,0,0,0,0,0,0,0,0,0,0,0,0,0,0,0,0,0,0,0,0,0,0,0,0,0,0,0,0,0,0,0,0,0,0,0,0,0,0,0,0,0,0,0,0,0,0,0,0,0,0,0,0,0,0,0,0,0,0,0,0,0,0,0,0,0,0,0,0,0,0,0,0,0,0,0,0,0,0,0
46,19040,64800,2616,710,3080,0,0,2016,180000,38400,400,2400,10200,1920,5500,6660,20400,4590,4674,43000,2544,1584,12240,0,25500,0,800,234,1024,1176,5840,19800,360,3360,11400,3960,10500,57600,1500,0,0,57600,12600,24000,1500,2250,1500,3000,1500,5000,1776,5040,9800,144,3960,9000,6120,79200,39744,4000,500,11760,3000,0,0,0,16000,7500,14000,3792,2000,38000,90,0,2000,6400,0,4900,16000,3600,0,0,1120,640,14400,0,858,0,0,4000,6750,5500,2400,0,624,0,1350,1620,98000,0,8568,3984,0,0,54600,6480,46500,3600,25000,0,9000,50400,13200,221760,672,68000,2688,8568,200000,6600,9288,6000,40500,8100,792,600,816,2500,0,16800,64,15000,15200,1200,48000,6968000,1600,8700,22500,54000,18432,6000,4500,32256,2400,34800,25600,38000,16000,6800,8700,26000,0,1050,0,24000,0,81600,6000,24000,1500,1440,0,1520,0,8000,0,14140,528000,104000,180000,200,8000,0,21500,0,0,2000,126000,0,0,4960,54,48000,300,0,1500,11000,11000,3000,60000,0,32000,0,8000,1900,7200,0,0,0,0,0,0,0,5000,0,360,3000,0,1360,1360,12000,0,0,0,0,0,0,0,500,12000,0,0,48,0,0,0,0,0,0,0,54000,0,0,0,0,0,0,0,16500,16500,0,0,0,0,0,0,0,0,0,0,0,0,0,0,0,0,0,0,0,0,0,0,190,0,0,0,0,0,0,0,0,0,0,0,0,0,0,0,0,0,0,0,0,0,0,0,0,0,0,0,0,0,0,0,0,0,0,0,0,0,0,0,0,0,0,0,0,0,0,0,0,0,0,0,0,0,0,0,0,0,0,0,0,8000,0,0,0,0,0,0,0,0,0,0,0,0,0,0,0,0,0,0
47,2800,32400,3240,1190,3080,0,0,4032,205000,2400,1628,0,6000,560,17500,5760,56400,1920,369,50000,2592,3368,0,300,3000,0,800,288,2048,120,3440,1200,0,3144,7200,0,0,93600,13500,0,120,68400,19800,12000,4500,12000,52500,1200,52500,7000,2832,3360,8300,90,0,0,8640,0,17856,12000,11500,10500,3720,16800,3200,0,0,7500,4000,3408,0,20000,0,0,4000,1600,0,0,6400,11400,0,0,0,1664,12960,0,132,32000,0,0,5250,8500,2400,0,672,0,0,1260,8000,0,3528,3552,0,0,53300,2400,7500,3600,0,3000,0,44856,18600,147840,1260,44000,13776,4536,200000,1200,9960,120000,19800,6300,0,720,600,8000,0,16800,0,12600,9600,6000,80000,624000,3400,7700,10500,24000,11264,7680,6000,14592,0,0,18400,5700,16000,300,5600,2000,0,375,0,36000,24000,4800,0,0,10500,2160,900,0,3200,6000,5280,9436,144000,0,50000,1200,10000,0,10000,0,0,750,28000,0,0,0,0,66000,0,0,3750,6000,6000,9000,0,0,0,0,6000,3800,3600,0,2000,0,0,0,0,0,10000,0,0,0,3000,2080,2080,3000,0,0,0,0,0,8000,0,3000,0,10500,6000,0,3000,0,0,0,0,0,0,24000,0,0,0,0,0,0,0,4500,4500,0,0,0,0,0,0,0,0,0,0,0,0,0,0,0,0,0,0,0,0,0,0,0,0,0,0,0,0,0,0,0,0,0,0,0,0,0,0,0,0,0,0,0,0,0,0,0,0,0,0,0,0,0,0,0,0,0,0,0,0,0,0,0,0,0,0,0,0,0,0,0,0,0,0,0,0,0,0,0,0,0,0,0,3000,0,0,0,0,0,0,0,0,0,0,0,0,0,0,0,0,0,0
48,27440,10800,2784,1610,1190,48,0,2016,150000,26400,1688,0,34200,480,40000,6840,46800,5880,492,68000,2688,0,19296,1900,15000,0,13600,234,10752,864,1600,30600,0,4296,11280,2860,0,64800,9000,480,0,28800,18900,0,1000,9000,0,1200,0,10000,4176,7920,8435,54,6160,6500,3600,0,36864,6000,6500,6900,4488,35400,0,984,0,2500,24000,4608,1000,38000,810,720,11000,14000,14400,5400,12800,13200,0,0,0,800,14400,0,66,8000,0,8000,750,5500,3000,15000,192,104,900,1920,14000,0,2520,3840,26000,0,63700,6000,48000,7200,23000,1200,1800,1512,0,122080,1596,18000,10080,10584,0,3600,9672,36000,48600,6300,872,0,1200,8000,3000,19200,0,10200,3200,0,70000,16237000,600,9700,27300,31500,1536,2400,5500,16128,0,0,12000,3400,8000,1900,9900,0,0,975,0,0,3600,0,0,0,1200,2000,900,0,1600,2000,0,7924,240000,728000,100000,3400,15000,0,6000,10800,0,0,126000,2000,0,0,18,24000,0,0,3750,0,0,0,0,350000,16000,0,22000,3800,9600,0,1000,0,0,900,0,3000,45000,0,0,0,1000,0,0,0,0,0,0,0,0,0,0,0,2600,0,0,0,0,0,0,0,3000,0,0,6000,0,0,0,0,0,0,0,0,0,0,0,0,0,0,0,0,0,0,0,0,0,0,0,0,0,0,0,0,0,0,0,0,0,0,0,0,0,0,0,0,0,0,0,0,0,0,0,0,0,0,0,0,0,0,0,0,0,0,0,0,0,0,0,0,0,0,0,0,0,0,0,0,0,0,0,0,0,0,0,0,0,0,0,0,0,0,0,0,0,0,0,0,0,0,0,0,0,0,0,0,0,0,0,0,0,0,0,0,0,0,0
49,14560,2700,3888,760,0,600,252,0,260000,66000,968,7800,11400,1392,61000,6840,20400,1920,1845,72000,1512,2376,4032,900,6000,0,26400,828,10752,384,9520,40800,0,2256,12120,0,0,97200,13500,672,0,118800,9000,0,3000,2250,0,2400,0,15000,3456,6720,19600,288,0,6000,6480,147600,27648,2000,14500,10500,0,33000,14400,888,16800,5000,20000,3936,18500,14000,630,288,500,9200,0,5000,6400,10800,0,0,0,192,13420,0,0,20000,0,2000,12000,2900,4800,0,0,0,740,960,74000,240,15624,4128,0,3000,23400,4800,25500,4800,0,2400,17400,12600,5400,87360,3570,42000,5040,5544,200000,7200,4872,84000,27000,9900,0,700,1152,1900,0,18600,560,1800,1600,3600,68000,520000,7280,1600,8250,19500,10240,1440,5500,5376,0,8400,24800,19000,16000,5500,5900,16000,0,300,0,0,6000,67200,0,10320,0,2800,0,2400,6800,0,10080,11984,0,0,400000,200,5000,0,0,33600,0,1750,28000,0,0,0,144,72000,0,0,1500,0,0,0,80000,700000,0,0,0,7600,3600,0,0,0,320,900,0,0,0,0,0,3000,0,2560,2560,9000,3000,0,4000,0,0,8000,840,0,12000,0,0,240,0,0,0,0,0,0,0,0,0,0,0,120,0,0,0,0,0,0,0,0,0,0,0,0,0,0,0,0,0,0,0,0,0,0,0,0,0,0,0,384,0,0,0,0,0,0,0,0,0,0,0,0,0,0,0,0,0,0,0,0,0,0,0,0,0,0,0,0,0,0,0,0,0,0,0,0,0,0,0,0,0,0,0,0,0,0,0,0,0,0,0,0,0,0,0,0,0,0,0,0,0,0,0,0,1100,0,0,0,0,0,0,0,0,0,0,0,0,0,0
50,21140,72900,2976,1210,1960,0,486,11088,75000,21600,920,10200,20400,1920,22000,6480,75600,4650,2460,50000,3648,5544,14832,1000,18000,0,16800,504,9728,432,11040,19200,1800,2208,12960,0,14000,72000,0,504,3260,61200,15300,12000,1500,15750,0,4800,0,25000,720,1680,14000,0,0,1000,6480,10800,21312,6000,1500,6660,2520,19800,400,0,31200,2500,26000,4752,1500,44000,1620,0,4000,11600,3600,11200,11200,7800,0,0,0,1472,13320,6000,660,36000,0,12000,12750,7000,3600,0,504,0,2700,2880,66000,0,0,3264,0,3000,85800,0,67500,13200,0,3000,600,34776,9600,193760,672,54000,22848,10584,200000,4200,5208,48000,34200,4750,0,560,576,8000,0,6000,0,8400,8800,10800,46000,1716000,4000,6400,9000,58500,1024,960,17000,7296,3000,27600,14400,26600,24000,3600,4600,4000,0,1125,0,30000,1200,9600,0,50400,0,3440,0,1600,1200,6000,2160,7996,48000,0,0,65,45000,0,35500,0,90,2000,70000,0,0,2720,342,48000,600,0,750,12000,12000,9000,220000,0,64000,0,0,7600,16800,0,0,0,4544,0,0,2000,0,1092,2472,11100,4000,0,0,0,0,0,32000,0,0,0,0,0,12000,0,0,0,0,0,0,0,0,0,0,2000,0,0,0,0,0,0,0,0,0,0,0,0,0,0,0,0,0,0,0,0,0,0,0,0,0,0,0,0,0,0,0,0,0,0,0,0,0,0,0,0,0,0,0,0,0,0,0,0,0,0,0,0,0,0,0,0,0,0,0,0,0,0,0,0,0,0,0,0,0,0,0,0,0,0,0,0,0,0,0,0,200,0,0,0,0,0,0,0,0,0,0,0,0,0,0,0,0,0,0,0,0,0,2000,0,0,8000,0,0,0,0,0
51,17780,40500,3120,740,3850,288,0,6048,170000,56400,1884,0,13200,896,7000,7560,76800,4440,3198,65000,3336,4752,18576,1420,16500,0,6400,0,3584,912,4000,4800,2160,2664,12960,9680,9500,79200,10500,576,0,57600,0,36000,5000,7500,0,2400,0,33000,4080,4800,22400,0,5720,0,5580,108000,25920,14000,5500,10380,4728,11400,0,0,12000,17500,34000,4464,1500,52000,0,0,900,5600,0,2500,11200,13200,0,0,0,2240,10800,0,660,0,0,2000,4500,6000,4800,0,696,0,0,960,42000,0,0,4512,22000,0,61100,7200,64500,12000,22000,3000,0,37296,13800,112000,3528,14000,37632,23688,0,2400,6336,72000,46800,13050,864,800,1968,11000,0,8400,0,10200,7200,0,100000,6656000,3240,4900,8250,48000,13824,9360,11500,17280,0,3600,24800,34200,8000,3400,7800,40000,0,525,0,18000,3600,20400,0,0,0,2240,0,800,10000,0,5040,11704,672000,624000,180000,1400,0,0,16000,0,0,2750,252000,4000,0,4160,0,30000,0,0,750,1000,1000,0,76000,0,48000,4000,10000,0,3600,0,0,0,0,0,0,6000,0,0,0,0,2000,1040,1040,9000,0,0,0,0,0,0,0,0,0,0,3000,0,0,0,0,0,0,0,0,50000,0,0,0,0,0,0,0,0,0,0,0,0,0,0,0,0,0,0,0,0,0,0,0,0,0,0,0,0,0,0,0,0,0,0,0,0,0,0,0,0,0,0,0,0,0,0,0,0,0,0,0,0,0,0,0,0,0,0,0,0,0,0,0,0,0,0,0,0,0,0,0,0,0,0,0,0,0,0,0,0,0,0,0,0,0,0,0,0,0,0,0,0,0,0,0,0,0,0,0,0,0,0,0,0,0,0,0,0,0,0,0
52,27860,51300,3096,830,1050,216,522,7056,355000,20400,956,1200,6000,608,20000,9180,105600,6870,1230,65000,1992,0,9792,2760,12000,0,800,0,1536,480,1600,9600,0,2880,12600,0,15000,46800,9000,336,0,57600,18900,0,7000,750,0,0,0,36000,3552,2400,7000,0,0,0,7200,28800,10368,2000,7000,6300,2784,47400,0,0,1600,2500,18000,4416,0,12000,0,0,10000,800,10800,0,16000,11400,0,0,1120,0,11340,0,0,12000,0,8000,4500,5500,3600,0,480,0,1350,1920,20000,0,12600,3264,0,0,65000,0,63000,1200,0,0,0,40320,27600,152320,3654,20000,5040,4032,100000,0,3432,0,71100,1350,67,600,720,3000,0,7200,0,1560,8000,0,16000,9620000,1600,7500,27000,73500,0,1200,9000,13056,0,27600,15200,17100,8000,2900,8200,8000,0,900,0,0,14400,0,0,9600,6000,2720,0,0,2400,6000,7440,8904,0,0,50000,1375,20000,0,6000,0,0,2000,98000,0,0,0,16,0,0,0,1500,0,0,0,0,0,0,0,10000,0,8400,0,1000,0,0,0,0,0,0,0,0,3000,0,2960,2960,0,2500,0,0,0,0,0,0,0,0,10500,3000,0,0,0,0,500,0,0,0,0,0,0,0,0,0,0,0,0,0,0,0,0,0,0,0,0,0,0,0,0,0,0,0,0,0,0,0,0,0,0,0,0,0,0,0,0,0,0,0,0,0,0,0,0,0,0,0,0,0,0,0,0,0,0,0,0,0,0,0,0,0,0,0,0,0,0,0,0,0,0,0,0,0,0,0,0,0,0,0,0,0,0,0,0,0,0,0,0,0,0,0,0,9000,0,0,0,0,0,0,0,0,0,0,0,0,0,0,0,0,0,0
53,32480,48600,2400,1750,3990,156,324,5544,275000,68400,2400,9000,11400,1040,8500,6480,133200,870,4797,87000,2760,1584,5616,40,15000,0,14400,761,3584,696,5440,36000,0,3072,10680,4400,4500,115200,21000,528,0,25200,33300,24000,4500,16500,0,600,0,24000,1632,5760,19600,0,6160,1000,7380,100800,58176,6000,1500,12600,2016,22800,3600,840,42400,12500,26000,3888,8500,92000,3105,504,5500,1600,0,4100,0,6600,0,0,1120,1024,14400,0,0,0,0,0,12750,11000,0,0,528,64,900,2640,48000,0,0,4848,0,0,62400,2160,76500,4800,21000,2400,0,55944,16200,101920,3024,0,1008,15624,100000,6000,7632,0,7200,12600,36,0,1752,11000,0,3000,16,15000,16000,3600,150000,1560000,2000,9400,51750,54000,10240,5280,12500,0,848,44400,29600,19000,32000,11100,8200,0,0,525,0,18000,0,33600,1000,38400,0,7440,0,3680,7600,4000,5040,11032,96000,0,170000,1650,70000,3200,25000,21600,0,3250,28000,2400,400,0,0,72000,0,0,750,0,0,7500,32000,600000,0,0,2000,0,16800,0,0,3200,5120,450,0,1000,0,168,1080,1800,2000,1760,1760,6000,2000,315,20000,0,3360,0,0,0,0,10500,0,0,0,0,0,0,0,0,0,30000,0,0,0,0,0,0,0,0,0,0,0,0,0,0,0,0,0,0,0,0,0,0,0,0,0,0,0,0,0,0,0,0,0,0,0,0,0,0,0,0,0,0,0,0,0,0,0,0,0,0,0,0,0,0,0,0,0,0,0,0,0,0,0,0,0,0,0,0,0,0,0,0,0,0,0,0,0,0,0,0,0,0,0,0,0,900,0,0,0,0,0,0,0,0,0,0,0,0,1000,1000,480,0,0,0,0,0,0,0,0,0,0
54,16660,24300,3216,1550,1050,0,38,5544,70000,52800,332,2400,18000,1280,47000,6840,109200,3690,2460,66000,2448,0,10224,1000,16500,0,15200,1401,3072,624,1520,16800,0,3264,4800,5500,7500,25200,15000,0,0,147600,25200,0,500,14250,42000,600,42000,20000,3024,5040,9800,0,4840,7000,7380,25200,33984,8000,15500,11400,2040,600,2800,0,5600,20000,30000,3264,7500,16000,900,216,7500,6000,21600,1200,16000,3600,0,0,0,0,13500,7500,198,16000,0,2000,10500,8500,0,0,384,64,900,1500,82000,0,3528,3168,24000,0,46800,0,19500,1200,9000,600,0,29736,0,168000,2982,24000,4368,13608,50000,0,7968,5250,14400,900,0,660,0,11000,0,22200,0,9600,12800,0,2000,780000,280,4100,33750,34500,5120,3600,25500,0,6337,26400,11200,11400,16000,5200,11700,0,0,600,0,0,0,182400,1500,0,0,7760,0,1360,2800,0,12000,9828,288000,0,30000,1000,15000,0,10000,0,0,2000,98000,600,0,0,0,18000,300,0,2250,0,0,0,0,0,0,3200,12000,0,18000,0,1000,0,0,900,0,0,0,252,0,0,0,3200,3200,0,1500,0,0,0,0,8000,0,0,0,0,0,0,0,0,0,0,0,0,0,56000,0,0,0,0,0,0,0,0,0,0,0,0,0,0,0,0,0,0,0,0,0,0,0,0,0,0,0,0,0,0,0,0,0,0,0,0,0,0,0,0,0,0,0,0,0,0,0,0,0,0,0,0,0,0,0,0,0,0,0,0,0,0,0,0,0,0,0,0,0,0,0,0,0,0,0,0,0,0,0,0,0,0,0,0,0,0,0,0,0,0,0,0,0,800,0,0,0,0,0,0,0,0,0,0,0,0,10500,0,0,0,0
55,17780,29700,3936,2190,1260,437,828,11592,260000,34800,168,12000,7800,144,16500,8820,12000,2460,0,63000,2880,0,3456,1500,3000,0,8000,90,10240,672,320,3600,0,3504,11280,5500,7000,72000,0,240,0,54000,22500,12000,0,1500,6000,600,6000,22000,3024,8880,12600,396,5720,2000,9180,79200,28800,6000,14000,16440,3240,20400,0,0,20800,5000,36000,5856,12000,6000,585,0,21000,6800,0,0,12800,8400,0,0,0,1600,14760,0,594,20000,0,8000,3000,7500,4200,0,720,48,450,1920,0,1920,4536,3024,0,0,58500,6000,91500,3600,0,2400,1200,57960,24600,112000,924,30000,1680,9576,150000,6000,9312,126000,52200,12150,296,640,672,5000,0,10200,0,10800,8800,0,48000,8008000,8200,3100,3750,49500,0,960,3000,0,3900,0,26400,30400,0,3000,3900,40000,0,450,0,0,1200,0,5000,0,3000,960,0,400,400,0,0,12516,0,0,30000,825,35000,0,11500,21600,0,500,161000,2400,400,960,0,42000,300,0,1500,0,0,0,300000,0,32000,5600,8000,1900,1200,500,0,0,0,450,0,3000,10000,210,0,0,3000,0,0,0,0,315,4000,0,4320,0,0,0,0,0,0,0,0,0,0,0,0,0,0,2000,0,0,0,0,0,0,0,36000,36000,0,0,0,0,0,0,0,0,0,0,0,0,0,0,0,0,0,0,0,0,0,0,0,0,0,0,0,0,0,0,0,0,0,0,0,0,0,0,0,0,0,0,0,0,0,0,0,0,0,0,0,0,0,0,0,0,0,0,0,0,0,0,0,0,0,0,0,0,0,0,0,0,0,0,0,0,450,0,0,0,0,0,0,1000,800,0,0,0,0,0,0,480,0,0,0,0,0,0,0,0,0,0
56,14140,59400,2328,1450,2450,0,558,9072,320000,52800,1912,1800,0,2560,26000,6840,10800,4530,1230,57000,1944,2376,18000,0,12000,0,6400,684,3072,480,1920,41400,1800,5424,9000,440,15000,21600,4500,600,0,3600,13500,0,3000,750,0,0,0,11000,912,6720,7000,0,4400,2000,6660,50400,25344,4000,11500,10260,2472,30600,0,0,4800,0,10000,4992,0,18000,6975,0,4000,7600,0,1400,14400,2400,10800,0,1120,1280,10620,0,0,4000,0,2000,2250,12000,2400,0,504,56,1350,2010,28000,0,11088,3888,24000,3000,26000,3120,76500,4800,4000,1200,0,11592,4800,48160,1596,94000,2688,12096,0,0,4176,0,60300,14850,360,1200,1080,9000,0,8400,0,11400,0,0,24000,8164000,7800,8900,12000,36000,8704,5760,6000,0,900,9600,21600,5700,0,0,4600,2000,0,975,0,0,0,0,6000,55200,0,640,0,0,800,4000,0,13468,0,0,160000,1360,23000,0,34000,0,0,0,42000,2400,0,960,0,18000,0,0,3750,0,0,7500,4000,0,64000,400,4000,1800,6000,0,0,0,7136,450,0,0,30000,0,0,300,1000,4000,4000,0,1000,0,0,0,0,8000,210,0,6700,0,0,0,0,0,0,0,0,0,0,86000,0,0,0,0,0,0,0,25500,25500,0,0,0,0,0,0,0,0,0,0,0,0,0,0,0,0,0,0,0,0,0,0,0,11700,0,0,0,0,0,0,0,0,0,0,0,0,0,0,0,0,0,0,0,0,0,0,0,0,0,0,0,0,0,0,0,0,0,0,0,0,0,0,0,0,0,0,0,0,0,0,0,0,0,0,0,0,0,0,0,0,0,0,0,500,400,0,0,0,0,0,0,0,0,0,0,0,0,0,0,0,0,0
57,21140,10800,1224,1440,350,444,0,1008,70000,27600,1600,0,0,1808,20500,4680,58800,3060,0,63000,1080,2376,15552,1000,16500,0,8000,0,1024,240,0,12000,1560,0,3000,0,0,46800,0,0,0,46800,0,0,10500,1500,0,0,0,9000,4704,0,22400,198,0,0,2520,43200,11520,4000,4500,5940,3408,4800,0,0,2400,0,0,2688,2000,0,0,600,10000,800,0,300,0,7200,1800,0,0,0,5400,0,0,8000,0,2000,0,7500,0,0,864,0,0,1950,34000,0,8064,2784,0,0,31200,6720,0,1200,38500,0,0,25200,2400,144480,1260,0,15120,504,100000,0,3504,0,85500,0,156,0,480,7000,0,7200,0,11400,3200,0,62000,312000,3000,0,0,28500,8192,0,4000,0,900,0,22400,11400,0,2600,3200,0,0,900,0,0,0,0,0,0,0,3200,0,0,0,0,10320,7700,192000,0,30000,1090,0,0,0,30000,0,500,287000,0,0,0,0,0,0,0,0,0,0,0,0,0,0,0,6000,0,3600,0,0,0,0,0,0,0,0,0,0,0,1000,0,0,0,2500,0,0,0,0,0,0,0,0,0,0,0,0,0,0,0,3000,0,0,0,0,0,0,0,0,0,0,0,0,0,0,0,0,0,0,0,0,0,0,0,0,0,0,0,0,0,0,0,0,0,0,0,0,0,0,0,0,0,0,0,0,0,0,0,0,0,0,0,0,0,0,0,0,0,0,0,0,0,0,0,0,0,0,0,0,0,0,0,0,0,0,0,0,0,0,0,0,0,0,0,30,0,0,0,0,0,0,0,0,0,0,0,0,0,0,0,0,0,0,0,0,0,0,0,0,0,0,0,0,0,0
58,23240,97200,3024,850,980,130,0,8568,240000,31200,1744,16200,18000,816,46500,6480,43200,960,2460,91000,1680,4752,14688,700,33000,0,4000,0,2560,480,3280,6000,2160,2976,9840,0,15000,93600,18000,0,0,86400,34200,12000,8000,22500,0,3000,0,11000,3168,7920,5600,0,0,0,3600,115200,9216,4000,500,11400,600,36000,6000,0,12800,5000,16000,4896,7500,30000,0,864,2000,4000,0,2300,14400,13200,300,0,0,1120,11340,0,0,0,0,2000,17250,4500,6000,0,0,0,450,600,40000,0,4032,3168,26000,3000,76700,0,73500,3600,4000,3600,5400,58968,14400,183680,1260,4000,33600,16632,300000,7800,5832,18000,9900,450,1106,0,1152,16500,0,22200,0,9000,14400,0,64000,780000,0,2700,12750,76500,0,4320,2500,13440,1500,22800,20800,11400,0,4600,3800,24000,0,300,0,6000,1200,4800,0,4800,0,1760,0,320,4000,4000,22080,10948,0,0,650000,1390,35000,0,17500,0,0,6000,91000,1600,1000,0,0,30000,300,0,3000,0,0,6000,0,0,0,2400,8000,1900,0,0,1000,0,0,1800,0,3000,0,0,0,1800,0,2000,2000,0,11000,630,0,0,4800,0,210,6000,0,0,0,0,0,6000,0,0,0,0,0,36000,0,0,0,0,0,0,0,30000,30000,0,0,0,0,0,0,0,0,0,0,0,0,0,0,0,0,0,0,0,0,0,0,0,0,0,0,0,0,0,0,0,0,0,0,0,0,0,0,0,0,0,0,0,0,0,0,0,0,0,0,0,0,0,0,0,0,0,0,0,0,0,0,0,0,0,0,0,0,0,0,0,0,0,0,0,0,1800,0,0,0,0,0,0,0,2000,0,0,0,0,0,0,480,0,0,0,0,0,0,0,0,0,0
59,29400,51300,3048,1710,1400,0,1242,0,400000,69600,1788,7800,24000,1888,50500,8820,6000,4800,369,66000,1656,3960,15984,2860,19500,0,8000,1804,7680,792,2880,0,1440,2136,6960,0,8000,46800,10500,1032,0,46800,4500,18000,3000,17250,0,1200,0,19000,4128,1440,15400,0,0,0,7740,46800,33408,8000,11500,11700,2640,14400,6400,480,17600,17500,18000,3600,9500,44000,45,0,8000,9600,0,3300,17600,7200,0,0,0,512,9720,0,132,16000,0,4000,6000,13500,2400,0,0,0,3600,2700,76000,480,20160,2304,0,0,145600,0,141000,7200,34500,1800,0,21168,19200,127680,2268,2000,21168,2520,50000,0,7560,48000,48600,10350,0,900,0,8000,1000,5400,0,6000,8000,0,34000,676000,3200,6600,21750,114000,512,6000,15500,0,1800,0,34400,24700,24000,2000,5000,42000,0,300,0,6000,27600,0,0,0,1500,1360,0,1680,12800,2000,2160,10080,0,793000,20000,2070,25000,0,9000,13800,0,6250,161000,4000,0,1920,0,18000,0,0,3750,15000,15000,0,16000,0,0,0,6000,3800,87600,0,0,0,0,0,0,4000,35000,210,0,900,6000,2000,2000,21000,1500,0,0,0,0,0,0,0,12000,0,9000,0,0,0,0,0,0,0,0,2000,0,0,0,0,0,0,0,12000,12000,0,0,0,0,0,0,0,0,0,0,0,0,0,0,0,0,0,0,0,0,0,0,0,0,0,0,0,0,0,0,0,0,0,0,0,0,0,0,0,0,0,0,0,0,0,0,0,0,0,0,0,0,0,0,0,0,0,0,0,0,0,0,0,600,0,0,0,0,0,0,0,0,0,0,0,0,0,0,0,0,0,0,0,955,0,0,0,0,0,0,0,0,0,0,0,1000,0,0,0,0,0,0
60,29540,10800,2760,1290,1190,672,1692,1512,30000,36000,2008,10200,9000,880,14000,1980,9600,2940,0,41000,2448,0,4608,1980,3000,0,5600,953,512,408,4560,0,3060,1704,6240,0,2500,28800,19500,0,0,25200,0,12000,0,0,0,0,0,24000,672,2160,12600,0,0,0,6300,25200,31104,2000,1500,11160,10648,37200,1200,552,11200,2500,12000,7440,0,0,0,0,0,10000,14400,900,3200,7200,0,0,1120,928,2340,0,0,4000,0,2000,11250,6500,600,0,0,68,0,2880,50000,0,1008,2256,0,0,66000,8160,6000,1200,0,0,0,38304,21600,141120,1008,44000,672,8568,100000,9000,11280,12000,37800,11250,204,0,1464,3000,2000,0,0,16800,16000,0,70000,520000,6200,1900,5250,79500,512,6000,4000,0,2400,10800,26400,39900,0,2000,3800,0,0,975,0,18000,10800,0,0,14400,0,0,0,3200,800,4000,480,4760,856000,0,60000,2190,12000,0,15500,0,18,1500,245000,0,0,960,0,0,300,0,1500,0,0,9000,308000,400000,16000,0,4000,1900,1200,500,0,0,0,1800,0,0,0,0,0,0,7000,2960,2960,12000,0,0,0,0,0,8000,0,0,0,0,0,0,0,0,0,0,0,0,0,2000,0,0,0,0,0,0,0,21000,21000,0,0,0,0,0,0,0,0,0,0,0,0,0,0,0,0,0,0,0,0,0,0,0,0,0,0,0,0,0,0,0,0,0,0,0,0,0,0,0,0,0,0,0,0,0,0,0,0,0,0,0,0,0,0,0,0,0,0,0,0,0,0,0,600,0,0,0,0,0,0,0,0,0,0,0,0,1800,0,0,0,0,0,0,32000,2000,0,0,0,0,0,0,0,0,0,0,0,0,0,0,0,0,0
61,36400,29700,3264,1920,0,1189,0,0,295000,14400,1000,1800,9000,1504,24000,2520,57600,2160,615,78000,2568,5544,0,760,33000,0,4000,234,2560,480,1520,19200,1440,4128,9960,6820,5000,68400,3000,0,0,72000,9900,18000,15000,0,0,0,0,42000,2544,5040,11200,0,13640,0,7200,72000,34560,4000,500,11100,0,33600,0,0,21600,5000,20000,0,0,0,0,0,10500,5600,0,2700,3200,10800,0,0,0,512,6300,7500,0,4000,0,4000,9750,7000,3000,0,576,12,0,960,20000,0,8568,4848,36000,0,32500,0,33000,1200,0,1800,0,11592,15000,16800,2646,26000,5712,7056,100000,600,4248,36000,18900,20700,5,1700,0,6000,1000,15000,0,0,8000,0,56000,936000,0,6000,1500,27000,512,0,30000,0,600,30000,22400,5700,16000,3100,5200,0,30000,300,0,4000,0,14400,0,45600,0,6000,0,0,1200,4000,720,17416,1296000,848000,20000,2455,25000,0,500,13200,0,2500,189000,1600,0,0,0,24000,300,0,5250,0,0,0,0,0,32000,400,6000,3800,3600,0,2000,0,3392,0,0,0,15000,0,0,1500,0,0,0,0,5000,0,0,0,0,0,420,0,0,10500,0,0,0,0,0,0,0,0,0,72000,0,0,0,0,0,0,0,7500,7500,0,0,0,0,0,0,0,0,0,0,0,0,0,0,0,0,0,0,0,0,0,0,0,12000,0,0,0,0,0,0,0,0,0,0,0,0,0,0,0,0,0,0,0,0,0,0,0,0,0,0,0,0,0,0,0,0,0,0,0,0,0,0,0,0,0,0,0,0,0,0,0,0,0,0,0,0,1800,0,0,0,0,0,0,0,0,0,0,0,0,0,0,0,0,0,0,0,0,0,0,0,0,0
62,16380,29700,3144,1920,350,0,18,0,75000,25200,2336,7800,21000,3680,2000,3960,0,2940,738,22000,3240,0,0,1200,1500,0,7200,324,2560,696,2480,0,2880,1896,7200,0,500,25200,7500,0,0,25200,0,6000,500,8250,0,0,0,31000,0,0,2800,0,0,1000,5040,25200,42048,4000,8500,8400,0,14400,0,0,800,10000,32000,624,2500,18000,0,0,0,12000,0,4100,1600,9600,11250,0,0,0,2520,0,0,0,0,2000,7500,3000,3600,0,0,120,0,2880,4000,0,0,3600,0,0,11700,0,28500,2400,0,4200,0,27720,4800,12320,1260,0,8064,10584,0,6000,2928,0,16200,450,0,740,0,3000,2000,0,0,2400,6400,0,6000,52000,3600,4300,0,21000,3072,1680,38500,0,900,0,4000,0,16000,5800,9900,0,0,1200,0,24000,2400,0,2000,0,6000,1600,0,320,1200,0,2640,8316,0,156000,60000,990,10000,0,0,22800,70,5500,0,1600,0,2080,0,0,300,0,0,0,0,0,0,0,0,3200,4000,1900,1200,0,0,0,0,3600,0,0,10000,0,0,300,2000,1040,1040,0,2000,0,0,0,0,0,0,0,0,0,9000,0,0,0,0,285,0,0,0,2000,0,0,0,0,0,0,0,0,0,0,0,0,0,0,0,0,0,0,0,0,0,0,0,0,0,0,0,0,0,0,0,0,0,0,0,0,0,0,0,0,0,0,0,0,0,0,0,0,0,0,0,0,0,0,0,0,0,0,0,0,0,0,0,0,0,0,0,0,0,0,0,0,0,0,0,0,0,0,0,0,0,0,0,0,0,1800,0,0,0,0,0,0,21000,0,0,0,0,0,0,0,0,0,0,0,0,0,0,0,0,0,0
63,12180,24300,3408,1030,770,0,594,2520,375000,63600,1100,3000,16800,2032,0,5940,56400,3720,2337,20000,1464,2376,11520,800,3000,0,4800,360,2560,600,2800,24000,2340,2952,8640,0,5500,57600,7500,192,640,57600,4500,36000,0,6000,0,1800,0,16000,336,6240,7000,0,0,3000,4680,57600,58176,4000,26500,11400,0,10200,800,0,14400,12500,44000,4224,2500,6000,540,0,2500,6400,0,1300,6400,36000,0,0,0,800,4680,0,0,24000,0,2000,1500,6000,1200,0,0,76,0,1560,12000,0,6552,3840,0,0,105300,240,54000,3600,28000,0,600,68544,21600,147840,1932,0,0,5544,350000,1200,6456,0,26100,17100,0,800,864,4500,1000,6000,0,7200,12000,0,32000,9815000,3680,2200,21000,43500,6656,2640,41000,0,3860,50400,26400,11400,8000,3800,6000,46000,0,750,0,6000,13200,57600,0,7200,0,2320,0,5120,800,4000,0,3640,0,0,70000,1050,32000,0,5000,27000,0,2500,224000,3600,0,0,0,12000,0,0,3000,1000,1000,0,80000,0,0,6800,6000,0,2400,0,0,0,2880,0,0,0,5000,0,0,1500,0,2000,2000,15000,1000,315,20000,0,0,0,0,0,12000,0,0,0,0,0,0,0,0,0,0,0,0,0,0,0,0,0,0,0,0,0,0,0,0,0,0,0,0,0,0,0,0,0,0,0,0,0,0,0,0,0,0,0,0,0,0,0,0,0,0,0,0,0,0,0,0,0,0,0,0,0,0,0,0,0,0,0,0,0,0,0,0,0,0,0,0,0,0,0,0,0,0,0,0,0,0,0,0,0,0,0,0,0,0,0,0,0,0,0,0,0,0,0,15000,1600,0,0,0,0,1000,1000,480,0,1000,0,0,0,0,0,0,0,0
64,28280,27000,3024,440,2800,0,504,0,105000,25200,2940,3000,15600,1296,15500,7380,51600,5850,2583,117000,3120,0,3744,3260,51000,0,24000,648,14848,576,11200,20400,3060,3936,10200,0,7500,0,6000,840,0,0,10800,0,500,21000,0,4700,0,40000,3360,1680,12600,0,0,8000,4860,0,12096,6000,8000,10200,576,43200,0,0,23200,20000,8000,5472,1000,8000,405,0,19000,21600,0,2100,22400,25200,300,0,1120,800,4860,4500,660,12000,0,4000,2250,6500,7800,0,504,12,0,1920,140000,480,1512,5568,0,0,172900,480,141000,12000,22000,3000,4200,25704,10800,123560,2142,42000,27216,11088,100000,2400,8784,0,36900,450,36,0,3240,10000,0,600,0,18000,7550,0,38000,5980000,2400,9200,4500,57000,10240,4080,500,0,0,12000,28000,9500,24000,9000,2800,10000,0,900,0,30000,4800,98400,0,45600,0,13040,0,560,1200,6000,2640,15708,0,0,140000,1835,10000,0,0,2400,0,2750,210000,3200,0,960,0,6000,300,700,1500,0,0,3000,68000,200000,0,4800,12000,3800,14400,1000,1000,0,64,0,0,12000,15000,0,600,3600,0,2000,2000,9000,0,0,0,0,0,0,0,0,0,0,0,0,0,0,0,0,3000,0,0,12000,6000,6000,2000,0,0,0,0,36000,36000,0,0,0,0,0,0,0,0,0,0,0,0,0,0,0,0,0,0,0,0,0,0,0,0,0,0,0,0,0,0,0,0,0,0,0,0,0,0,0,0,0,0,0,0,0,0,0,0,0,0,0,0,0,0,0,0,0,0,0,0,0,0,0,1800,0,0,0,0,0,0,0,0,0,0,0,0,0,0,0,0,0,0,0,18000,2800,0,0,0,0,0,0,0,0,4000,0,0,0,0,0,0,0,0
65,4620,16200,3048,1240,420,0,0,11088,165000,43200,2400,3600,34800,0,37000,10440,60000,960,123,45200,3384,0,11952,2200,19500,0,28000,305,6656,984,2640,8400,1080,2208,12240,0,15000,0,4500,744,3000,0,15300,0,0,5250,0,9600,0,15000,960,5280,2800,0,0,500,7920,0,21888,4000,5500,6360,2496,10800,1200,552,10400,5000,16000,4464,0,4000,135,0,3000,20400,7200,2800,3200,9600,3900,0,0,544,1980,1500,0,4000,0,0,4500,7000,1800,0,216,60,1800,870,16000,480,6048,3696,0,0,46800,3360,45000,0,500,0,0,43344,4800,98560,294,58000,3696,12600,100000,600,5064,18000,32400,0,0,0,0,2500,0,1200,0,6000,10400,0,42000,2600000,3600,900,8250,63000,3072,3120,5500,0,900,0,13600,7600,8000,1200,10500,2000,0,300,0,0,0,4800,0,4800,0,640,0,0,1200,0,1440,7056,96000,0,70000,2700,8000,0,0,15000,18,8000,6500,400,0,0,0,6000,0,0,5250,0,0,0,0,800000,0,0,4000,7600,1200,0,0,0,0,0,0,3000,20000,0,2400,0,8000,0,0,0,8000,0,0,0,0,0,0,0,0,0,6000,0,0,0,0,0,0,0,0,2000,33000,33000,0,0,0,0,0,24000,24000,0,0,0,0,0,0,0,0,0,0,0,0,0,0,0,0,0,0,0,0,0,0,0,0,0,0,0,0,0,0,0,0,0,0,0,0,0,0,0,0,0,0,0,0,0,0,0,0,0,0,0,0,0,0,0,0,0,0,0,0,0,0,0,3600,0,0,0,0,0,0,0,0,0,0,0,0,1350,0,0,0,0,0,0,16000,0,0,0,0,840,0,0,0,0,0,0,0,0,0,0,0,0,0
66,41440,24300,3000,1510,630,0,306,3024,515000,40800,1220,0,18000,4320,9000,3240,21600,0,738,96000,3360,0,32688,2660,24000,0,35200,139,3584,600,11040,0,1080,1896,12720,0,9500,100800,6000,432,0,100800,10800,12000,13000,15000,0,0,0,33000,3168,12000,4200,0,0,0,5940,100800,47232,2000,17500,9780,1128,40800,2800,336,5600,17500,6000,4272,1000,16000,270,0,6000,25200,0,1400,0,10800,0,0,0,1504,0,6000,0,4000,0,8000,15000,4500,5400,0,0,64,0,930,62000,0,8568,4224,0,0,96200,2400,118500,8400,36500,2400,0,88704,41400,227360,3360,64000,3360,4032,0,600,5064,0,63900,450,1212,0,0,7000,4000,17400,0,1800,8000,6000,34000,2288000,1680,14200,0,33000,4096,2880,8000,0,4417,0,22400,19000,32000,6600,6600,0,0,300,0,24000,6000,2400,2000,0,0,9680,0,800,3200,0,5280,8680,480000,364000,260000,2185,33000,0,13000,11400,0,11750,203000,1600,0,800,0,78000,574,0,12000,10000,10000,0,0,0,0,0,8000,1900,7200,0,0,0,4992,0,0,0,0,0,192,1500,0,1920,1920,0,3500,0,0,0,0,0,0,0,0,0,0,0,0,0,0,500,0,0,0,2000,15000,15000,0,0,0,0,0,15000,15000,0,0,0,0,0,0,0,0,0,0,0,0,0,0,0,0,0,0,0,0,0,0,0,0,0,0,0,0,0,0,0,0,0,0,0,0,0,0,0,0,0,0,2000,0,0,0,0,0,0,0,0,200,0,0,0,0,0,0,0,0,0,0,0,0,0,0,0,0,0,0,0,0,0,0,0,0,900,0,0,0,0,0,0,10500,3600,0,0,0,0,0,0,0,0,0,0,0,0,0,0,0,0,0
